,0
0,Unnamed: 0
1,RID
2,VISCODE
3,SITE
4,AGE
5,PTGENDER
6,PTEDUCAT
7,PTETHCAT
8,PTRACCAT
9,PTMARRY
10,APOE4
11,FDG
12,PIB
13,AV45
14,RAVLT_immediate
15,RAVLT_learning
16,RAVLT_forgetting
17,RAVLT_perc_forgetting
18,FAQ
19,Ventricles
20,Hippocampus
21,WholeBrain
22,Entorhinal
23,Fusiform
24,MidTemp
25,ICV
26,DX
27,Month_bl
28,M
29,update_stamp
30,EXAMDATE_UCSFFSL_02_01_16_UCSFFSL51ALL_08_01_16
31,VERSION_UCSFFSL_02_01_16_UCSFFSL51ALL_08_01_16
32,FLDSTRENG_UCSFFSL_02_01_16_UCSFFSL51ALL_08_01_16
33,LONISID_UCSFFSL_02_01_16_UCSFFSL51ALL_08_01_16
34,LONIUID_UCSFFSL_02_01_16_UCSFFSL51ALL_08_01_16
35,IMAGEUID_UCSFFSL_02_01_16_UCSFFSL51ALL_08_01_16
36,RUNDATE_UCSFFSL_02_01_16_UCSFFSL51ALL_08_01_16
37,STATUS_UCSFFSL_02_01_16_UCSFFSL51ALL_08_01_16
38,BASETP1_UCSFFSL_02_01_16_UCSFFSL51ALL_08_01_16
39,BASETP2_UCSFFSL_02_01_16_UCSFFSL51ALL_08_01_16
40,BASETP3_UCSFFSL_02_01_16_UCSFFSL51ALL_08_01_16
41,BASETP4_UCSFFSL_02_01_16_UCSFFSL51ALL_08_01_16
42,BASETP5_UCSFFSL_02_01_16_UCSFFSL51ALL_08_01_16
43,BASETP6_UCSFFSL_02_01_16_UCSFFSL51ALL_08_01_16
44,BASETP7_UCSFFSL_02_01_16_UCSFFSL51ALL_08_01_16
45,BASETP8_UCSFFSL_02_01_16_UCSFFSL51ALL_08_01_16
46,OVERALLQC_UCSFFSL_02_01_16_UCSFFSL51ALL_08_01_16
47,TEMPQC_UCSFFSL_02_01_16_UCSFFSL51ALL_08_01_16
48,FRONTQC_UCSFFSL_02_01_16_UCSFFSL51ALL_08_01_16
49,PARQC_UCSFFSL_02_01_16_UCSFFSL51ALL_08_01_16
50,INSULAQC_UCSFFSL_02_01_16_UCSFFSL51ALL_08_01_16
51,OCCQC_UCSFFSL_02_01_16_UCSFFSL51ALL_08_01_16
52,BGQC_UCSFFSL_02_01_16_UCSFFSL51ALL_08_01_16
53,CWMQC_UCSFFSL_02_01_16_UCSFFSL51ALL_08_01_16
54,VENTQC_UCSFFSL_02_01_16_UCSFFSL51ALL_08_01_16
55,ST100SV_UCSFFSL_02_01_16_UCSFFSL51ALL_08_01_16
56,ST101SV_UCSFFSL_02_01_16_UCSFFSL51ALL_08_01_16
57,ST102CV_UCSFFSL_02_01_16_UCSFFSL51ALL_08_01_16
58,ST102SA_UCSFFSL_02_01_16_UCSFFSL51ALL_08_01_16
59,ST102TA_UCSFFSL_02_01_16_UCSFFSL51ALL_08_01_16
60,ST102TS_UCSFFSL_02_01_16_UCSFFSL51ALL_08_01_16
61,ST103CV_UCSFFSL_02_01_16_UCSFFSL51ALL_08_01_16
62,ST103SA_UCSFFSL_02_01_16_UCSFFSL51ALL_08_01_16
63,ST103TA_UCSFFSL_02_01_16_UCSFFSL51ALL_08_01_16
64,ST103TS_UCSFFSL_02_01_16_UCSFFSL51ALL_08_01_16
65,ST104CV_UCSFFSL_02_01_16_UCSFFSL51ALL_08_01_16
66,ST104SA_UCSFFSL_02_01_16_UCSFFSL51ALL_08_01_16
67,ST104TA_UCSFFSL_02_01_16_UCSFFSL51ALL_08_01_16
68,ST104TS_UCSFFSL_02_01_16_UCSFFSL51ALL_08_01_16
69,ST105CV_UCSFFSL_02_01_16_UCSFFSL51ALL_08_01_16
70,ST105SA_UCSFFSL_02_01_16_UCSFFSL51ALL_08_01_16
71,ST105TA_UCSFFSL_02_01_16_UCSFFSL51ALL_08_01_16
72,ST105TS_UCSFFSL_02_01_16_UCSFFSL51ALL_08_01_16
73,ST106CV_UCSFFSL_02_01_16_UCSFFSL51ALL_08_01_16
74,ST106SA_UCSFFSL_02_01_16_UCSFFSL51ALL_08_01_16
75,ST106TA_UCSFFSL_02_01_16_UCSFFSL51ALL_08_01_16
76,ST106TS_UCSFFSL_02_01_16_UCSFFSL51ALL_08_01_16
77,ST107CV_UCSFFSL_02_01_16_UCSFFSL51ALL_08_01_16
78,ST107SA_UCSFFSL_02_01_16_UCSFFSL51ALL_08_01_16
79,ST107TA_UCSFFSL_02_01_16_UCSFFSL51ALL_08_01_16
80,ST107TS_UCSFFSL_02_01_16_UCSFFSL51ALL_08_01_16
81,ST108CV_UCSFFSL_02_01_16_UCSFFSL51ALL_08_01_16
82,ST108SA_UCSFFSL_02_01_16_UCSFFSL51ALL_08_01_16
83,ST108TA_UCSFFSL_02_01_16_UCSFFSL51ALL_08_01_16
84,ST108TS_UCSFFSL_02_01_16_UCSFFSL51ALL_08_01_16
85,ST109CV_UCSFFSL_02_01_16_UCSFFSL51ALL_08_01_16
86,ST109SA_UCSFFSL_02_01_16_UCSFFSL51ALL_08_01_16
87,ST109TA_UCSFFSL_02_01_16_UCSFFSL51ALL_08_01_16
88,ST109TS_UCSFFSL_02_01_16_UCSFFSL51ALL_08_01_16
89,ST10CV_UCSFFSL_02_01_16_UCSFFSL51ALL_08_01_16
90,ST110CV_UCSFFSL_02_01_16_UCSFFSL51ALL_08_01_16
91,ST110SA_UCSFFSL_02_01_16_UCSFFSL51ALL_08_01_16
92,ST110TA_UCSFFSL_02_01_16_UCSFFSL51ALL_08_01_16
93,ST110TS_UCSFFSL_02_01_16_UCSFFSL51ALL_08_01_16
94,ST111CV_UCSFFSL_02_01_16_UCSFFSL51ALL_08_01_16
95,ST111SA_UCSFFSL_02_01_16_UCSFFSL51ALL_08_01_16
96,ST111TA_UCSFFSL_02_01_16_UCSFFSL51ALL_08_01_16
97,ST111TS_UCSFFSL_02_01_16_UCSFFSL51ALL_08_01_16
98,ST112SV_UCSFFSL_02_01_16_UCSFFSL51ALL_08_01_16
99,ST113CV_UCSFFSL_02_01_16_UCSFFSL51ALL_08_01_16
100,ST113SA_UCSFFSL_02_01_16_UCSFFSL51ALL_08_01_16
101,ST113TA_UCSFFSL_02_01_16_UCSFFSL51ALL_08_01_16
102,ST113TS_UCSFFSL_02_01_16_UCSFFSL51ALL_08_01_16
103,ST114CV_UCSFFSL_02_01_16_UCSFFSL51ALL_08_01_16
104,ST114SA_UCSFFSL_02_01_16_UCSFFSL51ALL_08_01_16
105,ST114TA_UCSFFSL_02_01_16_UCSFFSL51ALL_08_01_16
106,ST114TS_UCSFFSL_02_01_16_UCSFFSL51ALL_08_01_16
107,ST115CV_UCSFFSL_02_01_16_UCSFFSL51ALL_08_01_16
108,ST115SA_UCSFFSL_02_01_16_UCSFFSL51ALL_08_01_16
109,ST115TA_UCSFFSL_02_01_16_UCSFFSL51ALL_08_01_16
110,ST115TS_UCSFFSL_02_01_16_UCSFFSL51ALL_08_01_16
111,ST116CV_UCSFFSL_02_01_16_UCSFFSL51ALL_08_01_16
112,ST116SA_UCSFFSL_02_01_16_UCSFFSL51ALL_08_01_16
113,ST116TA_UCSFFSL_02_01_16_UCSFFSL51ALL_08_01_16
114,ST116TS_UCSFFSL_02_01_16_UCSFFSL51ALL_08_01_16
115,ST117CV_UCSFFSL_02_01_16_UCSFFSL51ALL_08_01_16
116,ST117SA_UCSFFSL_02_01_16_UCSFFSL51ALL_08_01_16
117,ST117TA_UCSFFSL_02_01_16_UCSFFSL51ALL_08_01_16
118,ST117TS_UCSFFSL_02_01_16_UCSFFSL51ALL_08_01_16
119,ST118CV_UCSFFSL_02_01_16_UCSFFSL51ALL_08_01_16
120,ST118SA_UCSFFSL_02_01_16_UCSFFSL51ALL_08_01_16
121,ST118TA_UCSFFSL_02_01_16_UCSFFSL51ALL_08_01_16
122,ST118TS_UCSFFSL_02_01_16_UCSFFSL51ALL_08_01_16
123,ST119CV_UCSFFSL_02_01_16_UCSFFSL51ALL_08_01_16
124,ST119SA_UCSFFSL_02_01_16_UCSFFSL51ALL_08_01_16
125,ST119TA_UCSFFSL_02_01_16_UCSFFSL51ALL_08_01_16
126,ST119TS_UCSFFSL_02_01_16_UCSFFSL51ALL_08_01_16
127,ST11SV_UCSFFSL_02_01_16_UCSFFSL51ALL_08_01_16
128,ST120SV_UCSFFSL_02_01_16_UCSFFSL51ALL_08_01_16
129,ST121CV_UCSFFSL_02_01_16_UCSFFSL51ALL_08_01_16
130,ST121SA_UCSFFSL_02_01_16_UCSFFSL51ALL_08_01_16
131,ST121TA_UCSFFSL_02_01_16_UCSFFSL51ALL_08_01_16
132,ST121TS_UCSFFSL_02_01_16_UCSFFSL51ALL_08_01_16
133,ST122SV_UCSFFSL_02_01_16_UCSFFSL51ALL_08_01_16
134,ST123CV_UCSFFSL_02_01_16_UCSFFSL51ALL_08_01_16
135,ST123SA_UCSFFSL_02_01_16_UCSFFSL51ALL_08_01_16
136,ST123TA_UCSFFSL_02_01_16_UCSFFSL51ALL_08_01_16
137,ST123TS_UCSFFSL_02_01_16_UCSFFSL51ALL_08_01_16
138,ST124SV_UCSFFSL_02_01_16_UCSFFSL51ALL_08_01_16
139,ST125SV_UCSFFSL_02_01_16_UCSFFSL51ALL_08_01_16
140,ST126SV_UCSFFSL_02_01_16_UCSFFSL51ALL_08_01_16
141,ST127SV_UCSFFSL_02_01_16_UCSFFSL51ALL_08_01_16
142,ST128SV_UCSFFSL_02_01_16_UCSFFSL51ALL_08_01_16
143,ST129CV_UCSFFSL_02_01_16_UCSFFSL51ALL_08_01_16
144,ST129SA_UCSFFSL_02_01_16_UCSFFSL51ALL_08_01_16
145,ST129TA_UCSFFSL_02_01_16_UCSFFSL51ALL_08_01_16
146,ST129TS_UCSFFSL_02_01_16_UCSFFSL51ALL_08_01_16
147,ST12SV_UCSFFSL_02_01_16_UCSFFSL51ALL_08_01_16
148,ST130CV_UCSFFSL_02_01_16_UCSFFSL51ALL_08_01_16
149,ST130SA_UCSFFSL_02_01_16_UCSFFSL51ALL_08_01_16
150,ST130TA_UCSFFSL_02_01_16_UCSFFSL51ALL_08_01_16
151,ST130TS_UCSFFSL_02_01_16_UCSFFSL51ALL_08_01_16
152,ST13CV_UCSFFSL_02_01_16_UCSFFSL51ALL_08_01_16
153,ST13SA_UCSFFSL_02_01_16_UCSFFSL51ALL_08_01_16
154,ST13TA_UCSFFSL_02_01_16_UCSFFSL51ALL_08_01_16
155,ST13TS_UCSFFSL_02_01_16_UCSFFSL51ALL_08_01_16
156,ST14CV_UCSFFSL_02_01_16_UCSFFSL51ALL_08_01_16
157,ST14SA_UCSFFSL_02_01_16_UCSFFSL51ALL_08_01_16
158,ST14TA_UCSFFSL_02_01_16_UCSFFSL51ALL_08_01_16
159,ST14TS_UCSFFSL_02_01_16_UCSFFSL51ALL_08_01_16
160,ST15CV_UCSFFSL_02_01_16_UCSFFSL51ALL_08_01_16
161,ST15SA_UCSFFSL_02_01_16_UCSFFSL51ALL_08_01_16
162,ST15TA_UCSFFSL_02_01_16_UCSFFSL51ALL_08_01_16
163,ST15TS_UCSFFSL_02_01_16_UCSFFSL51ALL_08_01_16
164,ST16SV_UCSFFSL_02_01_16_UCSFFSL51ALL_08_01_16
165,ST17SV_UCSFFSL_02_01_16_UCSFFSL51ALL_08_01_16
166,ST18SV_UCSFFSL_02_01_16_UCSFFSL51ALL_08_01_16
167,ST19SV_UCSFFSL_02_01_16_UCSFFSL51ALL_08_01_16
168,ST1SV_UCSFFSL_02_01_16_UCSFFSL51ALL_08_01_16
169,ST20SV_UCSFFSL_02_01_16_UCSFFSL51ALL_08_01_16
170,ST21SV_UCSFFSL_02_01_16_UCSFFSL51ALL_08_01_16
171,ST22CV_UCSFFSL_02_01_16_UCSFFSL51ALL_08_01_16
172,ST22SA_UCSFFSL_02_01_16_UCSFFSL51ALL_08_01_16
173,ST22TA_UCSFFSL_02_01_16_UCSFFSL51ALL_08_01_16
174,ST22TS_UCSFFSL_02_01_16_UCSFFSL51ALL_08_01_16
175,ST23CV_UCSFFSL_02_01_16_UCSFFSL51ALL_08_01_16
176,ST23SA_UCSFFSL_02_01_16_UCSFFSL51ALL_08_01_16
177,ST23TA_UCSFFSL_02_01_16_UCSFFSL51ALL_08_01_16
178,ST23TS_UCSFFSL_02_01_16_UCSFFSL51ALL_08_01_16
179,ST24CV_UCSFFSL_02_01_16_UCSFFSL51ALL_08_01_16
180,ST24SA_UCSFFSL_02_01_16_UCSFFSL51ALL_08_01_16
181,ST24TA_UCSFFSL_02_01_16_UCSFFSL51ALL_08_01_16
182,ST24TS_UCSFFSL_02_01_16_UCSFFSL51ALL_08_01_16
183,ST25CV_UCSFFSL_02_01_16_UCSFFSL51ALL_08_01_16
184,ST25SA_UCSFFSL_02_01_16_UCSFFSL51ALL_08_01_16
185,ST25TA_UCSFFSL_02_01_16_UCSFFSL51ALL_08_01_16
186,ST25TS_UCSFFSL_02_01_16_UCSFFSL51ALL_08_01_16
187,ST26CV_UCSFFSL_02_01_16_UCSFFSL51ALL_08_01_16
188,ST26SA_UCSFFSL_02_01_16_UCSFFSL51ALL_08_01_16
189,ST26TA_UCSFFSL_02_01_16_UCSFFSL51ALL_08_01_16
190,ST26TS_UCSFFSL_02_01_16_UCSFFSL51ALL_08_01_16
191,ST27SA_UCSFFSL_02_01_16_UCSFFSL51ALL_08_01_16
192,ST28CV_UCSFFSL_02_01_16_UCSFFSL51ALL_08_01_16
193,ST29SV_UCSFFSL_02_01_16_UCSFFSL51ALL_08_01_16
194,ST2SV_UCSFFSL_02_01_16_UCSFFSL51ALL_08_01_16
195,ST30SV_UCSFFSL_02_01_16_UCSFFSL51ALL_08_01_16
196,ST31CV_UCSFFSL_02_01_16_UCSFFSL51ALL_08_01_16
197,ST31SA_UCSFFSL_02_01_16_UCSFFSL51ALL_08_01_16
198,ST31TA_UCSFFSL_02_01_16_UCSFFSL51ALL_08_01_16
199,ST31TS_UCSFFSL_02_01_16_UCSFFSL51ALL_08_01_16
200,ST32CV_UCSFFSL_02_01_16_UCSFFSL51ALL_08_01_16
201,ST32SA_UCSFFSL_02_01_16_UCSFFSL51ALL_08_01_16
202,ST32TA_UCSFFSL_02_01_16_UCSFFSL51ALL_08_01_16
203,ST32TS_UCSFFSL_02_01_16_UCSFFSL51ALL_08_01_16
204,ST33SV_UCSFFSL_02_01_16_UCSFFSL51ALL_08_01_16
205,ST34CV_UCSFFSL_02_01_16_UCSFFSL51ALL_08_01_16
206,ST34SA_UCSFFSL_02_01_16_UCSFFSL51ALL_08_01_16
207,ST34TA_UCSFFSL_02_01_16_UCSFFSL51ALL_08_01_16
208,ST34TS_UCSFFSL_02_01_16_UCSFFSL51ALL_08_01_16
209,ST35CV_UCSFFSL_02_01_16_UCSFFSL51ALL_08_01_16
210,ST35SA_UCSFFSL_02_01_16_UCSFFSL51ALL_08_01_16
211,ST35TA_UCSFFSL_02_01_16_UCSFFSL51ALL_08_01_16
212,ST35TS_UCSFFSL_02_01_16_UCSFFSL51ALL_08_01_16
213,ST36CV_UCSFFSL_02_01_16_UCSFFSL51ALL_08_01_16
214,ST36SA_UCSFFSL_02_01_16_UCSFFSL51ALL_08_01_16
215,ST36TA_UCSFFSL_02_01_16_UCSFFSL51ALL_08_01_16
216,ST36TS_UCSFFSL_02_01_16_UCSFFSL51ALL_08_01_16
217,ST37SV_UCSFFSL_02_01_16_UCSFFSL51ALL_08_01_16
218,ST38CV_UCSFFSL_02_01_16_UCSFFSL51ALL_08_01_16
219,ST38SA_UCSFFSL_02_01_16_UCSFFSL51ALL_08_01_16
220,ST38TA_UCSFFSL_02_01_16_UCSFFSL51ALL_08_01_16
221,ST38TS_UCSFFSL_02_01_16_UCSFFSL51ALL_08_01_16
222,ST39CV_UCSFFSL_02_01_16_UCSFFSL51ALL_08_01_16
223,ST39SA_UCSFFSL_02_01_16_UCSFFSL51ALL_08_01_16
224,ST39TA_UCSFFSL_02_01_16_UCSFFSL51ALL_08_01_16
225,ST39TS_UCSFFSL_02_01_16_UCSFFSL51ALL_08_01_16
226,ST3SV_UCSFFSL_02_01_16_UCSFFSL51ALL_08_01_16
227,ST40CV_UCSFFSL_02_01_16_UCSFFSL51ALL_08_01_16
228,ST40SA_UCSFFSL_02_01_16_UCSFFSL51ALL_08_01_16
229,ST40TA_UCSFFSL_02_01_16_UCSFFSL51ALL_08_01_16
230,ST40TS_UCSFFSL_02_01_16_UCSFFSL51ALL_08_01_16
231,ST41SV_UCSFFSL_02_01_16_UCSFFSL51ALL_08_01_16
232,ST42SV_UCSFFSL_02_01_16_UCSFFSL51ALL_08_01_16
233,ST43CV_UCSFFSL_02_01_16_UCSFFSL51ALL_08_01_16
234,ST43SA_UCSFFSL_02_01_16_UCSFFSL51ALL_08_01_16
235,ST43TA_UCSFFSL_02_01_16_UCSFFSL51ALL_08_01_16
236,ST43TS_UCSFFSL_02_01_16_UCSFFSL51ALL_08_01_16
237,ST44CV_UCSFFSL_02_01_16_UCSFFSL51ALL_08_01_16
238,ST44SA_UCSFFSL_02_01_16_UCSFFSL51ALL_08_01_16
239,ST44TA_UCSFFSL_02_01_16_UCSFFSL51ALL_08_01_16
240,ST44TS_UCSFFSL_02_01_16_UCSFFSL51ALL_08_01_16
241,ST45CV_UCSFFSL_02_01_16_UCSFFSL51ALL_08_01_16
242,ST45SA_UCSFFSL_02_01_16_UCSFFSL51ALL_08_01_16
243,ST45TA_UCSFFSL_02_01_16_UCSFFSL51ALL_08_01_16
244,ST45TS_UCSFFSL_02_01_16_UCSFFSL51ALL_08_01_16
245,ST46CV_UCSFFSL_02_01_16_UCSFFSL51ALL_08_01_16
246,ST46SA_UCSFFSL_02_01_16_UCSFFSL51ALL_08_01_16
247,ST46TA_UCSFFSL_02_01_16_UCSFFSL51ALL_08_01_16
248,ST46TS_UCSFFSL_02_01_16_UCSFFSL51ALL_08_01_16
249,ST47CV_UCSFFSL_02_01_16_UCSFFSL51ALL_08_01_16
250,ST47SA_UCSFFSL_02_01_16_UCSFFSL51ALL_08_01_16
251,ST47TA_UCSFFSL_02_01_16_UCSFFSL51ALL_08_01_16
252,ST47TS_UCSFFSL_02_01_16_UCSFFSL51ALL_08_01_16
253,ST48CV_UCSFFSL_02_01_16_UCSFFSL51ALL_08_01_16
254,ST48SA_UCSFFSL_02_01_16_UCSFFSL51ALL_08_01_16
255,ST48TA_UCSFFSL_02_01_16_UCSFFSL51ALL_08_01_16
256,ST48TS_UCSFFSL_02_01_16_UCSFFSL51ALL_08_01_16
257,ST49CV_UCSFFSL_02_01_16_UCSFFSL51ALL_08_01_16
258,ST49SA_UCSFFSL_02_01_16_UCSFFSL51ALL_08_01_16
259,ST49TA_UCSFFSL_02_01_16_UCSFFSL51ALL_08_01_16
260,ST49TS_UCSFFSL_02_01_16_UCSFFSL51ALL_08_01_16
261,ST4SV_UCSFFSL_02_01_16_UCSFFSL51ALL_08_01_16
262,ST50CV_UCSFFSL_02_01_16_UCSFFSL51ALL_08_01_16
263,ST50SA_UCSFFSL_02_01_16_UCSFFSL51ALL_08_01_16
264,ST50TA_UCSFFSL_02_01_16_UCSFFSL51ALL_08_01_16
265,ST50TS_UCSFFSL_02_01_16_UCSFFSL51ALL_08_01_16
266,ST51CV_UCSFFSL_02_01_16_UCSFFSL51ALL_08_01_16
267,ST51SA_UCSFFSL_02_01_16_UCSFFSL51ALL_08_01_16
268,ST51TA_UCSFFSL_02_01_16_UCSFFSL51ALL_08_01_16
269,ST51TS_UCSFFSL_02_01_16_UCSFFSL51ALL_08_01_16
270,ST52CV_UCSFFSL_02_01_16_UCSFFSL51ALL_08_01_16
271,ST52SA_UCSFFSL_02_01_16_UCSFFSL51ALL_08_01_16
272,ST52TA_UCSFFSL_02_01_16_UCSFFSL51ALL_08_01_16
273,ST52TS_UCSFFSL_02_01_16_UCSFFSL51ALL_08_01_16
274,ST53SV_UCSFFSL_02_01_16_UCSFFSL51ALL_08_01_16
275,ST54CV_UCSFFSL_02_01_16_UCSFFSL51ALL_08_01_16
276,ST54SA_UCSFFSL_02_01_16_UCSFFSL51ALL_08_01_16
277,ST54TA_UCSFFSL_02_01_16_UCSFFSL51ALL_08_01_16
278,ST54TS_UCSFFSL_02_01_16_UCSFFSL51ALL_08_01_16
279,ST55CV_UCSFFSL_02_01_16_UCSFFSL51ALL_08_01_16
280,ST55SA_UCSFFSL_02_01_16_UCSFFSL51ALL_08_01_16
281,ST55TA_UCSFFSL_02_01_16_UCSFFSL51ALL_08_01_16
282,ST55TS_UCSFFSL_02_01_16_UCSFFSL51ALL_08_01_16
283,ST56CV_UCSFFSL_02_01_16_UCSFFSL51ALL_08_01_16
284,ST56SA_UCSFFSL_02_01_16_UCSFFSL51ALL_08_01_16
285,ST56TA_UCSFFSL_02_01_16_UCSFFSL51ALL_08_01_16
286,ST56TS_UCSFFSL_02_01_16_UCSFFSL51ALL_08_01_16
287,ST57CV_UCSFFSL_02_01_16_UCSFFSL51ALL_08_01_16
288,ST57SA_UCSFFSL_02_01_16_UCSFFSL51ALL_08_01_16
289,ST57TA_UCSFFSL_02_01_16_UCSFFSL51ALL_08_01_16
290,ST57TS_UCSFFSL_02_01_16_UCSFFSL51ALL_08_01_16
291,ST58CV_UCSFFSL_02_01_16_UCSFFSL51ALL_08_01_16
292,ST58SA_UCSFFSL_02_01_16_UCSFFSL51ALL_08_01_16
293,ST58TA_UCSFFSL_02_01_16_UCSFFSL51ALL_08_01_16
294,ST58TS_UCSFFSL_02_01_16_UCSFFSL51ALL_08_01_16
295,ST59CV_UCSFFSL_02_01_16_UCSFFSL51ALL_08_01_16
296,ST59SA_UCSFFSL_02_01_16_UCSFFSL51ALL_08_01_16
297,ST59TA_UCSFFSL_02_01_16_UCSFFSL51ALL_08_01_16
298,ST59TS_UCSFFSL_02_01_16_UCSFFSL51ALL_08_01_16
299,ST5SV_UCSFFSL_02_01_16_UCSFFSL51ALL_08_01_16
300,ST60CV_UCSFFSL_02_01_16_UCSFFSL51ALL_08_01_16
301,ST60SA_UCSFFSL_02_01_16_UCSFFSL51ALL_08_01_16
302,ST60TA_UCSFFSL_02_01_16_UCSFFSL51ALL_08_01_16
303,ST60TS_UCSFFSL_02_01_16_UCSFFSL51ALL_08_01_16
304,ST61SV_UCSFFSL_02_01_16_UCSFFSL51ALL_08_01_16
305,ST62CV_UCSFFSL_02_01_16_UCSFFSL51ALL_08_01_16
306,ST62SA_UCSFFSL_02_01_16_UCSFFSL51ALL_08_01_16
307,ST62TA_UCSFFSL_02_01_16_UCSFFSL51ALL_08_01_16
308,ST62TS_UCSFFSL_02_01_16_UCSFFSL51ALL_08_01_16
309,ST63SV_UCSFFSL_02_01_16_UCSFFSL51ALL_08_01_16
310,ST64CV_UCSFFSL_02_01_16_UCSFFSL51ALL_08_01_16
311,ST64SA_UCSFFSL_02_01_16_UCSFFSL51ALL_08_01_16
312,ST64TA_UCSFFSL_02_01_16_UCSFFSL51ALL_08_01_16
313,ST64TS_UCSFFSL_02_01_16_UCSFFSL51ALL_08_01_16
314,ST65SV_UCSFFSL_02_01_16_UCSFFSL51ALL_08_01_16
315,ST66SV_UCSFFSL_02_01_16_UCSFFSL51ALL_08_01_16
316,ST67SV_UCSFFSL_02_01_16_UCSFFSL51ALL_08_01_16
317,ST68SV_UCSFFSL_02_01_16_UCSFFSL51ALL_08_01_16
318,ST69SV_UCSFFSL_02_01_16_UCSFFSL51ALL_08_01_16
319,ST6SV_UCSFFSL_02_01_16_UCSFFSL51ALL_08_01_16
320,ST70SV_UCSFFSL_02_01_16_UCSFFSL51ALL_08_01_16
321,ST71SV_UCSFFSL_02_01_16_UCSFFSL51ALL_08_01_16
322,ST72CV_UCSFFSL_02_01_16_UCSFFSL51ALL_08_01_16
323,ST72SA_UCSFFSL_02_01_16_UCSFFSL51ALL_08_01_16
324,ST72TA_UCSFFSL_02_01_16_UCSFFSL51ALL_08_01_16
325,ST72TS_UCSFFSL_02_01_16_UCSFFSL51ALL_08_01_16
326,ST73CV_UCSFFSL_02_01_16_UCSFFSL51ALL_08_01_16
327,ST73SA_UCSFFSL_02_01_16_UCSFFSL51ALL_08_01_16
328,ST73TA_UCSFFSL_02_01_16_UCSFFSL51ALL_08_01_16
329,ST73TS_UCSFFSL_02_01_16_UCSFFSL51ALL_08_01_16
330,ST74CV_UCSFFSL_02_01_16_UCSFFSL51ALL_08_01_16
331,ST74SA_UCSFFSL_02_01_16_UCSFFSL51ALL_08_01_16
332,ST74TA_UCSFFSL_02_01_16_UCSFFSL51ALL_08_01_16
333,ST74TS_UCSFFSL_02_01_16_UCSFFSL51ALL_08_01_16
334,ST75SV_UCSFFSL_02_01_16_UCSFFSL51ALL_08_01_16
335,ST76SV_UCSFFSL_02_01_16_UCSFFSL51ALL_08_01_16
336,ST77SV_UCSFFSL_02_01_16_UCSFFSL51ALL_08_01_16
337,ST78SV_UCSFFSL_02_01_16_UCSFFSL51ALL_08_01_16
338,ST79SV_UCSFFSL_02_01_16_UCSFFSL51ALL_08_01_16
339,ST7SV_UCSFFSL_02_01_16_UCSFFSL51ALL_08_01_16
340,ST80SV_UCSFFSL_02_01_16_UCSFFSL51ALL_08_01_16
341,ST81CV_UCSFFSL_02_01_16_UCSFFSL51ALL_08_01_16
342,ST81SA_UCSFFSL_02_01_16_UCSFFSL51ALL_08_01_16
343,ST81TA_UCSFFSL_02_01_16_UCSFFSL51ALL_08_01_16
344,ST81TS_UCSFFSL_02_01_16_UCSFFSL51ALL_08_01_16
345,ST82CV_UCSFFSL_02_01_16_UCSFFSL51ALL_08_01_16
346,ST82SA_UCSFFSL_02_01_16_UCSFFSL51ALL_08_01_16
347,ST82TA_UCSFFSL_02_01_16_UCSFFSL51ALL_08_01_16
348,ST82TS_UCSFFSL_02_01_16_UCSFFSL51ALL_08_01_16
349,ST83CV_UCSFFSL_02_01_16_UCSFFSL51ALL_08_01_16
350,ST83SA_UCSFFSL_02_01_16_UCSFFSL51ALL_08_01_16
351,ST83TA_UCSFFSL_02_01_16_UCSFFSL51ALL_08_01_16
352,ST83TS_UCSFFSL_02_01_16_UCSFFSL51ALL_08_01_16
353,ST84CV_UCSFFSL_02_01_16_UCSFFSL51ALL_08_01_16
354,ST84SA_UCSFFSL_02_01_16_UCSFFSL51ALL_08_01_16
355,ST84TA_UCSFFSL_02_01_16_UCSFFSL51ALL_08_01_16
356,ST84TS_UCSFFSL_02_01_16_UCSFFSL51ALL_08_01_16
357,ST85CV_UCSFFSL_02_01_16_UCSFFSL51ALL_08_01_16
358,ST85SA_UCSFFSL_02_01_16_UCSFFSL51ALL_08_01_16
359,ST85TA_UCSFFSL_02_01_16_UCSFFSL51ALL_08_01_16
360,ST85TS_UCSFFSL_02_01_16_UCSFFSL51ALL_08_01_16
361,ST86SA_UCSFFSL_02_01_16_UCSFFSL51ALL_08_01_16
362,ST87CV_UCSFFSL_02_01_16_UCSFFSL51ALL_08_01_16
363,ST88SV_UCSFFSL_02_01_16_UCSFFSL51ALL_08_01_16
364,ST89SV_UCSFFSL_02_01_16_UCSFFSL51ALL_08_01_16
365,ST8SV_UCSFFSL_02_01_16_UCSFFSL51ALL_08_01_16
366,ST90CV_UCSFFSL_02_01_16_UCSFFSL51ALL_08_01_16
367,ST90SA_UCSFFSL_02_01_16_UCSFFSL51ALL_08_01_16
368,ST90TA_UCSFFSL_02_01_16_UCSFFSL51ALL_08_01_16
369,ST90TS_UCSFFSL_02_01_16_UCSFFSL51ALL_08_01_16
370,ST91CV_UCSFFSL_02_01_16_UCSFFSL51ALL_08_01_16
371,ST91SA_UCSFFSL_02_01_16_UCSFFSL51ALL_08_01_16
372,ST91TA_UCSFFSL_02_01_16_UCSFFSL51ALL_08_01_16
373,ST91TS_UCSFFSL_02_01_16_UCSFFSL51ALL_08_01_16
374,ST92SV_UCSFFSL_02_01_16_UCSFFSL51ALL_08_01_16
375,ST93CV_UCSFFSL_02_01_16_UCSFFSL51ALL_08_01_16
376,ST93SA_UCSFFSL_02_01_16_UCSFFSL51ALL_08_01_16
377,ST93TA_UCSFFSL_02_01_16_UCSFFSL51ALL_08_01_16
378,ST93TS_UCSFFSL_02_01_16_UCSFFSL51ALL_08_01_16
379,ST94CV_UCSFFSL_02_01_16_UCSFFSL51ALL_08_01_16
380,ST94SA_UCSFFSL_02_01_16_UCSFFSL51ALL_08_01_16
381,ST94TA_UCSFFSL_02_01_16_UCSFFSL51ALL_08_01_16
382,ST94TS_UCSFFSL_02_01_16_UCSFFSL51ALL_08_01_16
383,ST95CV_UCSFFSL_02_01_16_UCSFFSL51ALL_08_01_16
384,ST95SA_UCSFFSL_02_01_16_UCSFFSL51ALL_08_01_16
385,ST95TA_UCSFFSL_02_01_16_UCSFFSL51ALL_08_01_16
386,ST95TS_UCSFFSL_02_01_16_UCSFFSL51ALL_08_01_16
387,ST96SV_UCSFFSL_02_01_16_UCSFFSL51ALL_08_01_16
388,ST97CV_UCSFFSL_02_01_16_UCSFFSL51ALL_08_01_16
389,ST97SA_UCSFFSL_02_01_16_UCSFFSL51ALL_08_01_16
390,ST97TA_UCSFFSL_02_01_16_UCSFFSL51ALL_08_01_16
391,ST97TS_UCSFFSL_02_01_16_UCSFFSL51ALL_08_01_16
392,ST98CV_UCSFFSL_02_01_16_UCSFFSL51ALL_08_01_16
393,ST98SA_UCSFFSL_02_01_16_UCSFFSL51ALL_08_01_16
394,ST98TA_UCSFFSL_02_01_16_UCSFFSL51ALL_08_01_16
395,ST98TS_UCSFFSL_02_01_16_UCSFFSL51ALL_08_01_16
396,ST99CV_UCSFFSL_02_01_16_UCSFFSL51ALL_08_01_16
397,ST99SA_UCSFFSL_02_01_16_UCSFFSL51ALL_08_01_16
398,ST99TA_UCSFFSL_02_01_16_UCSFFSL51ALL_08_01_16
399,ST99TS_UCSFFSL_02_01_16_UCSFFSL51ALL_08_01_16
400,ST9SV_UCSFFSL_02_01_16_UCSFFSL51ALL_08_01_16
401,update_stamp_UCSFFSL_02_01_16_UCSFFSL51ALL_08_01_16
402,EXAMDATE_BAIPETNMRC_09_12_16
403,VERSION_BAIPETNMRC_09_12_16
404,LONIUID_BAIPETNMRC_09_12_16
405,RUNDATE_BAIPETNMRC_09_12_16
406,STATUS_BAIPETNMRC_09_12_16
407,HIPPL01_BAIPETNMRC_09_12_16
408,FRTSUPL01_BAIPETNMRC_09_12_16
409,FRTMIDL01_BAIPETNMRC_09_12_16
410,PARAHIPL01_BAIPETNMRC_09_12_16
411,FUSFRML01_BAIPETNMRC_09_12_16
412,OCCMIDL01_BAIPETNMRC_09_12_16
413,ANGULL01_BAIPETNMRC_09_12_16
414,PARIINFL01_BAIPETNMRC_09_12_16
415,SUPMRGL01_BAIPETNMRC_09_12_16
416,TMPMIDL01_BAIPETNMRC_09_12_16
417,PRECUNL01_BAIPETNMRC_09_12_16
418,CINGPSTL01_BAIPETNMRC_09_12_16
419,PARAHIPR01_BAIPETNMRC_09_12_16
420,FRTSUPR01_BAIPETNMRC_09_12_16
421,OCCMIDR01_BAIPETNMRC_09_12_16
422,FUSFRMR01_BAIPETNMRC_09_12_16
423,FRTMIDR01_BAIPETNMRC_09_12_16
424,ANGULR01_BAIPETNMRC_09_12_16
425,PARIINFR01_BAIPETNMRC_09_12_16
426,TMPMIDR01_BAIPETNMRC_09_12_16
427,SUPMRGR01_BAIPETNMRC_09_12_16
428,PRCUNSR01_BAIPETNMRC_09_12_16
429,HIPPR01_BAIPETNMRC_09_12_16
430,LINGUALL01_BAIPETNMRC_09_12_16
431,LINGUALR01_BAIPETNMRC_09_12_16
432,CINGPSTR01_BAIPETNMRC_09_12_16
433,FRTINFL01_BAIPETNMRC_09_12_16
434,FRTINFR01_BAIPETNMRC_09_12_16
435,PARISUPL01_BAIPETNMRC_09_12_16
436,PARISUPR01_BAIPETNMRC_09_12_16
437,INSULAL01_BAIPETNMRC_09_12_16
438,INSULAR01_BAIPETNMRC_09_12_16
439,CINGANTL01_BAIPETNMRC_09_12_16
440,CINGANTR01_BAIPETNMRC_09_12_16
441,CINGMIDL01_BAIPETNMRC_09_12_16
442,CINGMIDR01_BAIPETNMRC_09_12_16
443,TMPSUPL01_BAIPETNMRC_09_12_16
444,TMPSUPR01_BAIPETNMRC_09_12_16
445,TMPINFL01_BAIPETNMRC_09_12_16
446,TMPINFR01_BAIPETNMRC_09_12_16
447,FRTSUPL02_BAIPETNMRC_09_12_16
448,FRTMIDL02_BAIPETNMRC_09_12_16
449,CINGPSTL02_BAIPETNMRC_09_12_16
450,CINGMIDL02_BAIPETNMRC_09_12_16
451,FRTSMEDL02_BAIPETNMRC_09_12_16
452,FUSFRML02_BAIPETNMRC_09_12_16
453,TMPMIDL02_BAIPETNMRC_09_12_16
454,OCCMIDL02_BAIPETNMRC_09_12_16
455,TMPINFL02_BAIPETNMRC_09_12_16
456,PRECUNL02_BAIPETNMRC_09_12_16
457,CINGANTL02_BAIPETNMRC_09_12_16
458,FRTMIDOR02_BAIPETNMRC_09_12_16
459,FRTMIDR02_BAIPETNMRC_09_12_16
460,FRTSUPR02_BAIPETNMRC_09_12_16
461,ANGULR02_BAIPETNMRC_09_12_16
462,ANGULL02_BAIPETNMRC_09_12_16
463,PARIINFR02_BAIPETNMRC_09_12_16
464,TMPMIDR02_BAIPETNMRC_09_12_16
465,INSULAR02_BAIPETNMRC_09_12_16
466,TMPPOSR02_BAIPETNMRC_09_12_16
467,CINGANTR02_BAIPETNMRC_09_12_16
468,CINGMIDR02_BAIPETNMRC_09_12_16
469,PRECUNR02_BAIPETNMRC_09_12_16
470,RECTUSR02_BAIPETNMRC_09_12_16
471,CINGPSTR02_BAIPETNMRC_09_12_16
472,PARIINFL02_BAIPETNMRC_09_12_16
473,INSULAL02_BAIPETNMRC_09_12_16
474,FRTINFL02_BAIPETNMRC_09_12_16
475,FRTINFR02_BAIPETNMRC_09_12_16
476,OCCMIDR02_BAIPETNMRC_09_12_16
477,FRTMIDOL02_BAIPETNMRC_09_12_16
478,FRTSMEDR02_BAIPETNMRC_09_12_16
479,FUSFMR02_BAIPETNMRC_09_12_16
480,RECTUSL02_BAIPETNMRC_09_12_16
481,TMPPOSL02_BAIPETNMRC_09_12_16
482,PARISUPL02_BAIPETNMRC_09_12_16
483,PARISUPR02_BAIPETNMRC_09_12_16
484,SUPMRGL02_BAIPETNMRC_09_12_16
485,SUPMRGR02_BAIPETNMRC_09_12_16
486,TMPINFR02_BAIPETNMRC_09_12_16
487,FRTMIDL03_BAIPETNMRC_09_12_16
488,FRTMIDR03_BAIPETNMRC_09_12_16
489,FRTSUPL03_BAIPETNMRC_09_12_16
490,FRTSUPR03_BAIPETNMRC_09_12_16
491,FRTSMEDL03_BAIPETNMRC_09_12_16
492,FRTSMEDR03_BAIPETNMRC_09_12_16
493,TMPSUPL03_BAIPETNMRC_09_12_16
494,TMPSUPR03_BAIPETNMRC_09_12_16
495,TMPMIDL03_BAIPETNMRC_09_12_16
496,TMPMIDR03_BAIPETNMRC_09_12_16
497,TMPINFL03_BAIPETNMRC_09_12_16
498,TMPINFR03_BAIPETNMRC_09_12_16
499,FUSFRML03_BAIPETNMRC_09_12_16
500,FUSFRMR03_BAIPETNMRC_09_12_16
501,LINGUALL03_BAIPETNMRC_09_12_16
502,LINGUALR03_BAIPETNMRC_09_12_16
503,PARAHIPL03_BAIPETNMRC_09_12_16
504,PARAHIPR03_BAIPETNMRC_09_12_16
505,PARISUPL03_BAIPETNMRC_09_12_16
506,PARISUPR03_BAIPETNMRC_09_12_16
507,PARIINFL03_BAIPETNMRC_09_12_16
508,PARIINFR03_BAIPETNMRC_09_12_16
509,PRECUNL03_BAIPETNMRC_09_12_16
510,PRECUNR03_BAIPETNMRC_09_12_16
511,CINGANT03_BAIPETNMRC_09_12_16
512,CINGMID03_BAIPETNMRC_09_12_16
513,CINGPST03_BAIPETNMRC_09_12_16
514,ANGULR03_BAIPETNMRC_09_12_16
515,OCCMIDL03_BAIPETNMRC_09_12_16
516,OCCMIDR03_BAIPETNMRC_09_12_16
517,OCCSUPL03_BAIPETNMRC_09_12_16
518,OCCSUPR03_BAIPETNMRC_09_12_16
519,OCCINFL03_BAIPETNMRC_09_12_16
520,OCCINFR03_BAIPETNMRC_09_12_16
521,THALAML03_BAIPETNMRC_09_12_16
522,THALAMR03_BAIPETNMRC_09_12_16
523,FRTMEDL03_BAIPETNMRC_09_12_16
524,FRTMEDR03_BAIPETNMRC_09_12_16
525,SUPMRGL03_BAIPETNMRC_09_12_16
526,SUPMRGR03_BAIPETNMRC_09_12_16
527,FRTMIDL04_BAIPETNMRC_09_12_16
528,FRTMIDR04_BAIPETNMRC_09_12_16
529,FRTSUPL04_BAIPETNMRC_09_12_16
530,FRTSUPR04_BAIPETNMRC_09_12_16
531,FRTSMEDL04_BAIPETNMRC_09_12_16
532,FRTSMEDR04_BAIPETNMRC_09_12_16
533,TMPSUPL04_BAIPETNMRC_09_12_16
534,TMPSUPR04_BAIPETNMRC_09_12_16
535,TMPMIDL04_BAIPETNMRC_09_12_16
536,TMPMIDR04_BAIPETNMRC_09_12_16
537,TMPINFL04_BAIPETNMRC_09_12_16
538,TMPINFR04_BAIPETNMRC_09_12_16
539,FUSFRML04_BAIPETNMRC_09_12_16
540,FUSFRMR04_BAIPETNMRC_09_12_16
541,LINGUALL04_BAIPETNMRC_09_12_16
542,LINGUALR04_BAIPETNMRC_09_12_16
543,PARAHIPL04_BAIPETNMRC_09_12_16
544,PARAHIPR04_BAIPETNMRC_09_12_16
545,PARISUPL04_BAIPETNMRC_09_12_16
546,PARISUPR04_BAIPETNMRC_09_12_16
547,PARIINFL04_BAIPETNMRC_09_12_16
548,PARIINFR04_BAIPETNMRC_09_12_16
549,PRECUNL04_BAIPETNMRC_09_12_16
550,PRECUNR04_BAIPETNMRC_09_12_16
551,CINGANT04_BAIPETNMRC_09_12_16
552,CINGMID04_BAIPETNMRC_09_12_16
553,CINGPST04_BAIPETNMRC_09_12_16
554,OCCMIDL04_BAIPETNMRC_09_12_16
555,OCCMIDR04_BAIPETNMRC_09_12_16
556,OCCSUPL04_BAIPETNMRC_09_12_16
557,OCCSUPR04_BAIPETNMRC_09_12_16
558,OCCINFL04_BAIPETNMRC_09_12_16
559,OCCINFR04_BAIPETNMRC_09_12_16
560,THALAML04_BAIPETNMRC_09_12_16
561,THALAMR04_BAIPETNMRC_09_12_16
562,FRTMEDL04_BAIPETNMRC_09_12_16
563,FRTMEDR04_BAIPETNMRC_09_12_16
564,SUPMRGL04_BAIPETNMRC_09_12_16
565,SUPMRGR04_BAIPETNMRC_09_12_16
566,ANGULL04_BAIPETNMRC_09_12_16
567,ANGULR04_BAIPETNMRC_09_12_16
568,FRTMIDL05_BAIPETNMRC_09_12_16
569,FRTMIDR05_BAIPETNMRC_09_12_16
570,FRTSUPL05_BAIPETNMRC_09_12_16
571,FRTSUPR05_BAIPETNMRC_09_12_16
572,FRTSMEDL05_BAIPETNMRC_09_12_16
573,FRTSMEDR05_BAIPETNMRC_09_12_16
574,TMPSUPL05_BAIPETNMRC_09_12_16
575,TMPSUPR05_BAIPETNMRC_09_12_16
576,TMPMIDL05_BAIPETNMRC_09_12_16
577,TMPMIDR05_BAIPETNMRC_09_12_16
578,TMPINFL05_BAIPETNMRC_09_12_16
579,TMPINFR05_BAIPETNMRC_09_12_16
580,FUSFRML05_BAIPETNMRC_09_12_16
581,FUSFRMR05_BAIPETNMRC_09_12_16
582,PARAHIPL05_BAIPETNMRC_09_12_16
583,PARAHIPR05_BAIPETNMRC_09_12_16
584,PARISUPL05_BAIPETNMRC_09_12_16
585,PARISUPR05_BAIPETNMRC_09_12_16
586,PARIINFL05_BAIPETNMRC_09_12_16
587,PARIINFR05_BAIPETNMRC_09_12_16
588,PRECUNL05_BAIPETNMRC_09_12_16
589,PRECUNR05_BAIPETNMRC_09_12_16
590,CINGANT05_BAIPETNMRC_09_12_16
591,CINGMID05_BAIPETNMRC_09_12_16
592,CINGPST05_BAIPETNMRC_09_12_16
593,OCCMIDL05_BAIPETNMRC_09_12_16
594,OCCMIDR05_BAIPETNMRC_09_12_16
595,OCCSUPL05_BAIPETNMRC_09_12_16
596,OCCSUPR05_BAIPETNMRC_09_12_16
597,OCCINFL05_BAIPETNMRC_09_12_16
598,OCCINFR05_BAIPETNMRC_09_12_16
599,THALAML05_BAIPETNMRC_09_12_16
600,THALAMR05_BAIPETNMRC_09_12_16
601,FRTMEDL05_BAIPETNMRC_09_12_16
602,FRTMEDR05_BAIPETNMRC_09_12_16
603,ANGULR05_BAIPETNMRC_09_12_16
604,ANGULL05_BAIPETNMRC_09_12_16
605,CALCARL05_BAIPETNMRC_09_12_16
606,CALCARR05_BAIPETNMRC_09_12_16
607,LINGUALL05_BAIPETNMRC_09_12_16
608,LINGUALR05_BAIPETNMRC_09_12_16
609,CEREB8L05_BAIPETNMRC_09_12_16
610,CEREB8R05_BAIPETNMRC_09_12_16
611,CERBCR2L05_BAIPETNMRC_09_12_16
612,CERBCR2R05_BAIPETNMRC_09_12_16
613,SUPMRGL05_BAIPETNMRC_09_12_16
614,SUPMRGR05_BAIPETNMRC_09_12_16
615,FRTMIDL06_BAIPETNMRC_09_12_16
616,FRTMIDR06_BAIPETNMRC_09_12_16
617,FRTSUPL06_BAIPETNMRC_09_12_16
618,FRTSUPR06_BAIPETNMRC_09_12_16
619,FRTSMEDL06_BAIPETNMRC_09_12_16
620,FRTSMEDR06_BAIPETNMRC_09_12_16
621,TMPSUPL06_BAIPETNMRC_09_12_16
622,TMPSUPR06_BAIPETNMRC_09_12_16
623,TMPMIDL06_BAIPETNMRC_09_12_16
624,TMPMIDR06_BAIPETNMRC_09_12_16
625,TMPINFL06_BAIPETNMRC_09_12_16
626,TMPINFR06_BAIPETNMRC_09_12_16
627,FUSFRML06_BAIPETNMRC_09_12_16
628,FUSFRMR06_BAIPETNMRC_09_12_16
629,LINGUALL06_BAIPETNMRC_09_12_16
630,LINGUALR06_BAIPETNMRC_09_12_16
631,PARAHIPL06_BAIPETNMRC_09_12_16
632,PARAHIPR06_BAIPETNMRC_09_12_16
633,PARISUPL06_BAIPETNMRC_09_12_16
634,PARISUPR06_BAIPETNMRC_09_12_16
635,PARIINFL06_BAIPETNMRC_09_12_16
636,PARIINFR06_BAIPETNMRC_09_12_16
637,PRECUNL06_BAIPETNMRC_09_12_16
638,PRECUNR06_BAIPETNMRC_09_12_16
639,CINGANT06_BAIPETNMRC_09_12_16
640,CINGMID06_BAIPETNMRC_09_12_16
641,CINGPST06_BAIPETNMRC_09_12_16
642,OCCMIDL06_BAIPETNMRC_09_12_16
643,OCCMIDR06_BAIPETNMRC_09_12_16
644,OCCSUPL06_BAIPETNMRC_09_12_16
645,OCCSUPR06_BAIPETNMRC_09_12_16
646,OCCINFL06_BAIPETNMRC_09_12_16
647,OCCINFR06_BAIPETNMRC_09_12_16
648,THALAML06_BAIPETNMRC_09_12_16
649,THALAMR06_BAIPETNMRC_09_12_16
650,FRTMEDL06_BAIPETNMRC_09_12_16
651,FRTMEDR06_BAIPETNMRC_09_12_16
652,HIPPL06_BAIPETNMRC_09_12_16
653,HIPPR06_BAIPETNMRC_09_12_16
654,INDGLBNDX_BAIPETNMRC_09_12_16
655,INDTEPNDX_BAIPETNMRC_09_12_16
656,PRECUNL07_BAIPETNMRC_09_12_16
657,CINGPST07_BAIPETNMRC_09_12_16
658,PARIINFR07_BAIPETNMRC_09_12_16
659,TMPMIDL07_BAIPETNMRC_09_12_16
660,CUNEUSL08_BAIPETNMRC_09_12_16
661,TMPMIDR08_BAIPETNMRC_09_12_16
662,TMPINFL09_BAIPETNMRC_09_12_16
663,CINGPST09_BAIPETNMRC_09_12_16
664,PRECUNL09_BAIPETNMRC_09_12_16
665,PARIINFR09_BAIPETNMRC_09_12_16
666,TMPINFL10_BAIPETNMRC_09_12_16
667,PRECUNL10_BAIPETNMRC_09_12_16
668,TMPINFL11_BAIPETNMRC_09_12_16
669,OCCMIDL11_BAIPETNMRC_09_12_16
670,CINGPST11_BAIPETNMRC_09_12_16
671,CINGMID11_BAIPETNMRC_09_12_16
672,TMPPOSR12_BAIPETNMRC_09_12_16
673,CINGPSTR12_BAIPETNMRC_09_12_16
674,FROITRN001_BAIPETNMRC_09_12_16
675,FROITRN002_BAIPETNMRC_09_12_16
676,FROITST001_BAIPETNMRC_09_12_16
677,FROITST002_BAIPETNMRC_09_12_16
678,FROIWHL001_BAIPETNMRC_09_12_16
679,FROIWHL002_BAIPETNMRC_09_12_16
680,FRPMSK001_BAIPETNMRC_09_12_16
681,FRPMSK002_BAIPETNMRC_09_12_16
682,FRTMSK003_BAIPETNMRC_09_12_16
683,FRTMSK004_BAIPETNMRC_09_12_16
684,FRTMSK005_BAIPETNMRC_09_12_16
685,FRTMSK006_BAIPETNMRC_09_12_16
686,FRTMSK007_BAIPETNMRC_09_12_16
687,FRTMSK008_BAIPETNMRC_09_12_16
688,FRTMSK009_BAIPETNMRC_09_12_16
689,FRTMSK010_BAIPETNMRC_09_12_16
690,FRTMSK011_BAIPETNMRC_09_12_16
691,HCISUB1_BAIPETNMRC_09_12_16
692,HCI99_BAIPETNMRC_09_12_16
693,HCI_BAIPETNMRC_09_12_16
694,NL1HIPP_BAIPETNMRC_09_12_16
695,NL1PTEMP_BAIPETNMRC_09_12_16
696,NL1PSTCG_BAIPETNMRC_09_12_16
697,NL2PSTCG_BAIPETNMRC_09_12_16
698,NL2PARI_BAIPETNMRC_09_12_16
699,NL3FRONT_BAIPETNMRC_09_12_16
700,DECLADFR_BAIPETNMRC_09_12_16
701,DECLADTMP_BAIPETNMRC_09_12_16
702,LONGHCI_BAIPETNMRC_09_12_16
703,BSLVBM_BAIPETNMRC_09_12_16
704,ACI_BAIPETNMRC_09_12_16
705,MCSUVR_BAIPETNMRC_09_12_16
706,FNMPREC_BAIPETNMRC_09_12_16
707,FNAPREC_BAIPETNMRC_09_12_16
708,FNAPC_BAIPETNMRC_09_12_16
709,FEAPREC_BAIPETNMRC_09_12_16
710,FMAPREC_BAIPETNMRC_09_12_16
711,FMAPC_BAIPETNMRC_09_12_16
712,AVNEFRONT_BAIPETNMRC_09_12_16
713,AVNMFRONT_BAIPETNMRC_09_12_16
714,AVNAFRONT_BAIPETNMRC_09_12_16
715,AVEMTEMP_BAIPETNMRC_09_12_16
716,AVEATEMP_BAIPETNMRC_09_12_16
717,AVMAOCCIP_BAIPETNMRC_09_12_16
718,FEAPC2_BAIPETNMRC_09_12_16
719,FEMPC2_BAIPETNMRC_09_12_16
720,FMAPREC2_BAIPETNMRC_09_12_16
721,FNAPARI2_BAIPETNMRC_09_12_16
722,FNEHC2_BAIPETNMRC_09_12_16
723,FNMTEMP2_BAIPETNMRC_09_12_16
724,AVEATEMP2_BAIPETNMRC_09_12_16
725,AVEMTEMP2_BAIPETNMRC_09_12_16
726,AVMAFRNT2_BAIPETNMRC_09_12_16
727,AVNATEMP2_BAIPETNMRC_09_12_16
728,AVNEFRNT2_BAIPETNMRC_09_12_16
729,AVNMPREC2_BAIPETNMRC_09_12_16
730,MMPLS_BAIPETNMRC_09_12_16
731,ICA_BAIPETNMRC_09_12_16
732,PCA2_BAIPETNMRC_09_12_16
733,PLSFDG01_BAIPETNMRC_09_12_16
734,HCI001_BAIPETNMRC_09_12_16
735,MCSUVRWM_BAIPETNMRC_09_12_16
736,MCSUVRWM2_BAIPETNMRC_09_12_16
737,HCI_2014_BAIPETNMRC_09_12_16
738,SROI_BAIPETNMRC_09_12_16
739,MCSUVRWM3_BAIPETNMRC_09_12_16
740,MCSUVRCERE_BAIPETNMRC_09_12_16
741,update_stamp_BAIPETNMRC_09_12_16
742,EXAMDATE_UCBERKELEYAV45_10_17_16
743,CEREBELLUMGREYMATTER_UCBERKELEYAV45_10_17_16
744,WHOLECEREBELLUM_UCBERKELEYAV45_10_17_16
745,ERODED_SUBCORTICALWM_UCBERKELEYAV45_10_17_16
746,COMPOSIT_REF_UCBERKELEYAV45_10_17_16
747,FRONTAL_UCBERKELEYAV45_10_17_16
748,CINGULATE_UCBERKELEYAV45_10_17_16
749,PARIETAL_UCBERKELEYAV45_10_17_16
750,TEMPORAL_UCBERKELEYAV45_10_17_16
751,SUMMARYSUVR_WHOLECEREBNORM_UCBERKELEYAV45_10_17_16
752,SUMMARYSUVR_WHOLECEREBNORM_1.11CUTOFF_UCBERKELEYAV45_10_17_16
753,SUMMARYSUVR_COMPOSITE_REFNORM_UCBERKELEYAV45_10_17_16
754,SUMMARYSUVR_COMPOSITE_REFNORM_0.79CUTOFF_UCBERKELEYAV45_10_17_16
755,BRAINSTEM_UCBERKELEYAV45_10_17_16
756,BRAINSTEM_SIZE_UCBERKELEYAV45_10_17_16
757,VENTRICLE_3RD_UCBERKELEYAV45_10_17_16
758,VENTRICLE_3RD_SIZE_UCBERKELEYAV45_10_17_16
759,VENTRICLE_4TH_UCBERKELEYAV45_10_17_16
760,VENTRICLE_4TH_SIZE_UCBERKELEYAV45_10_17_16
761,VENTRICLE_5TH_UCBERKELEYAV45_10_17_16
762,VENTRICLE_5TH_SIZE_UCBERKELEYAV45_10_17_16
763,CC_ANTERIOR_UCBERKELEYAV45_10_17_16
764,CC_ANTERIOR_SIZE_UCBERKELEYAV45_10_17_16
765,CC_CENTRAL_UCBERKELEYAV45_10_17_16
766,CC_CENTRAL_SIZE_UCBERKELEYAV45_10_17_16
767,CC_MID_ANTERIOR_UCBERKELEYAV45_10_17_16
768,CC_MID_ANTERIOR_SIZE_UCBERKELEYAV45_10_17_16
769,CC_MID_POSTERIOR_UCBERKELEYAV45_10_17_16
770,CC_MID_POSTERIOR_SIZE_UCBERKELEYAV45_10_17_16
771,CC_POSTERIOR_UCBERKELEYAV45_10_17_16
772,CC_POSTERIOR_SIZE_UCBERKELEYAV45_10_17_16
773,CSF_UCBERKELEYAV45_10_17_16
774,CSF_SIZE_UCBERKELEYAV45_10_17_16
775,CTX_LH_BANKSSTS_UCBERKELEYAV45_10_17_16
776,CTX_LH_BANKSSTS_SIZE_UCBERKELEYAV45_10_17_16
777,CTX_LH_CAUDALANTERIORCINGULATE_UCBERKELEYAV45_10_17_16
778,CTX_LH_CAUDALANTERIORCINGULATE_SIZE_UCBERKELEYAV45_10_17_16
779,CTX_LH_CAUDALMIDDLEFRONTAL_UCBERKELEYAV45_10_17_16
780,CTX_LH_CAUDALMIDDLEFRONTAL_SIZE_UCBERKELEYAV45_10_17_16
781,CTX_LH_CUNEUS_UCBERKELEYAV45_10_17_16
782,CTX_LH_CUNEUS_SIZE_UCBERKELEYAV45_10_17_16
783,CTX_LH_ENTORHINAL_UCBERKELEYAV45_10_17_16
784,CTX_LH_ENTORHINAL_SIZE_UCBERKELEYAV45_10_17_16
785,CTX_LH_FRONTALPOLE_UCBERKELEYAV45_10_17_16
786,CTX_LH_FRONTALPOLE_SIZE_UCBERKELEYAV45_10_17_16
787,CTX_LH_FUSIFORM_UCBERKELEYAV45_10_17_16
788,CTX_LH_FUSIFORM_SIZE_UCBERKELEYAV45_10_17_16
789,CTX_LH_INFERIORPARIETAL_UCBERKELEYAV45_10_17_16
790,CTX_LH_INFERIORPARIETAL_SIZE_UCBERKELEYAV45_10_17_16
791,CTX_LH_INFERIORTEMPORAL_UCBERKELEYAV45_10_17_16
792,CTX_LH_INFERIORTEMPORAL_SIZE_UCBERKELEYAV45_10_17_16
793,CTX_LH_INSULA_UCBERKELEYAV45_10_17_16
794,CTX_LH_INSULA_SIZE_UCBERKELEYAV45_10_17_16
795,CTX_LH_ISTHMUSCINGULATE_UCBERKELEYAV45_10_17_16
796,CTX_LH_ISTHMUSCINGULATE_SIZE_UCBERKELEYAV45_10_17_16
797,CTX_LH_LATERALOCCIPITAL_UCBERKELEYAV45_10_17_16
798,CTX_LH_LATERALOCCIPITAL_SIZE_UCBERKELEYAV45_10_17_16
799,CTX_LH_LATERALORBITOFRONTAL_UCBERKELEYAV45_10_17_16
800,CTX_LH_LATERALORBITOFRONTAL_SIZE_UCBERKELEYAV45_10_17_16
801,CTX_LH_LINGUAL_UCBERKELEYAV45_10_17_16
802,CTX_LH_LINGUAL_SIZE_UCBERKELEYAV45_10_17_16
803,CTX_LH_MEDIALORBITOFRONTAL_UCBERKELEYAV45_10_17_16
804,CTX_LH_MEDIALORBITOFRONTAL_SIZE_UCBERKELEYAV45_10_17_16
805,CTX_LH_MIDDLETEMPORAL_UCBERKELEYAV45_10_17_16
806,CTX_LH_MIDDLETEMPORAL_SIZE_UCBERKELEYAV45_10_17_16
807,CTX_LH_PARACENTRAL_UCBERKELEYAV45_10_17_16
808,CTX_LH_PARACENTRAL_SIZE_UCBERKELEYAV45_10_17_16
809,CTX_LH_PARAHIPPOCAMPAL_UCBERKELEYAV45_10_17_16
810,CTX_LH_PARAHIPPOCAMPAL_SIZE_UCBERKELEYAV45_10_17_16
811,CTX_LH_PARSOPERCULARIS_UCBERKELEYAV45_10_17_16
812,CTX_LH_PARSOPERCULARIS_SIZE_UCBERKELEYAV45_10_17_16
813,CTX_LH_PARSORBITALIS_UCBERKELEYAV45_10_17_16
814,CTX_LH_PARSORBITALIS_SIZE_UCBERKELEYAV45_10_17_16
815,CTX_LH_PARSTRIANGULARIS_UCBERKELEYAV45_10_17_16
816,CTX_LH_PARSTRIANGULARIS_SIZE_UCBERKELEYAV45_10_17_16
817,CTX_LH_PERICALCARINE_UCBERKELEYAV45_10_17_16
818,CTX_LH_PERICALCARINE_SIZE_UCBERKELEYAV45_10_17_16
819,CTX_LH_POSTCENTRAL_UCBERKELEYAV45_10_17_16
820,CTX_LH_POSTCENTRAL_SIZE_UCBERKELEYAV45_10_17_16
821,CTX_LH_POSTERIORCINGULATE_UCBERKELEYAV45_10_17_16
822,CTX_LH_POSTERIORCINGULATE_SIZE_UCBERKELEYAV45_10_17_16
823,CTX_LH_PRECENTRAL_UCBERKELEYAV45_10_17_16
824,CTX_LH_PRECENTRAL_SIZE_UCBERKELEYAV45_10_17_16
825,CTX_LH_PRECUNEUS_UCBERKELEYAV45_10_17_16
826,CTX_LH_PRECUNEUS_SIZE_UCBERKELEYAV45_10_17_16
827,CTX_LH_ROSTRALANTERIORCINGULATE_UCBERKELEYAV45_10_17_16
828,CTX_LH_ROSTRALANTERIORCINGULATE_SIZE_UCBERKELEYAV45_10_17_16
829,CTX_LH_ROSTRALMIDDLEFRONTAL_UCBERKELEYAV45_10_17_16
830,CTX_LH_ROSTRALMIDDLEFRONTAL_SIZE_UCBERKELEYAV45_10_17_16
831,CTX_LH_SUPERIORFRONTAL_UCBERKELEYAV45_10_17_16
832,CTX_LH_SUPERIORFRONTAL_SIZE_UCBERKELEYAV45_10_17_16
833,CTX_LH_SUPERIORPARIETAL_UCBERKELEYAV45_10_17_16
834,CTX_LH_SUPERIORPARIETAL_SIZE_UCBERKELEYAV45_10_17_16
835,CTX_LH_SUPERIORTEMPORAL_UCBERKELEYAV45_10_17_16
836,CTX_LH_SUPERIORTEMPORAL_SIZE_UCBERKELEYAV45_10_17_16
837,CTX_LH_SUPRAMARGINAL_UCBERKELEYAV45_10_17_16
838,CTX_LH_SUPRAMARGINAL_SIZE_UCBERKELEYAV45_10_17_16
839,CTX_LH_TEMPORALPOLE_UCBERKELEYAV45_10_17_16
840,CTX_LH_TEMPORALPOLE_SIZE_UCBERKELEYAV45_10_17_16
841,CTX_LH_TRANSVERSETEMPORAL_UCBERKELEYAV45_10_17_16
842,CTX_LH_TRANSVERSETEMPORAL_SIZE_UCBERKELEYAV45_10_17_16
843,CTX_LH_UNKNOWN_UCBERKELEYAV45_10_17_16
844,CTX_LH_UNKNOWN_SIZE_UCBERKELEYAV45_10_17_16
845,CTX_RH_BANKSSTS_UCBERKELEYAV45_10_17_16
846,CTX_RH_BANKSSTS_SIZE_UCBERKELEYAV45_10_17_16
847,CTX_RH_CAUDALANTERIORCINGULATE_UCBERKELEYAV45_10_17_16
848,CTX_RH_CAUDALANTERIORCINGULATE_SIZE_UCBERKELEYAV45_10_17_16
849,CTX_RH_CAUDALMIDDLEFRONTAL_UCBERKELEYAV45_10_17_16
850,CTX_RH_CAUDALMIDDLEFRONTAL_SIZE_UCBERKELEYAV45_10_17_16
851,CTX_RH_CUNEUS_UCBERKELEYAV45_10_17_16
852,CTX_RH_CUNEUS_SIZE_UCBERKELEYAV45_10_17_16
853,CTX_RH_ENTORHINAL_UCBERKELEYAV45_10_17_16
854,CTX_RH_ENTORHINAL_SIZE_UCBERKELEYAV45_10_17_16
855,CTX_RH_FRONTALPOLE_UCBERKELEYAV45_10_17_16
856,CTX_RH_FRONTALPOLE_SIZE_UCBERKELEYAV45_10_17_16
857,CTX_RH_FUSIFORM_UCBERKELEYAV45_10_17_16
858,CTX_RH_FUSIFORM_SIZE_UCBERKELEYAV45_10_17_16
859,CTX_RH_INFERIORPARIETAL_UCBERKELEYAV45_10_17_16
860,CTX_RH_INFERIORPARIETAL_SIZE_UCBERKELEYAV45_10_17_16
861,CTX_RH_INFERIORTEMPORAL_UCBERKELEYAV45_10_17_16
862,CTX_RH_INFERIORTEMPORAL_SIZE_UCBERKELEYAV45_10_17_16
863,CTX_RH_INSULA_UCBERKELEYAV45_10_17_16
864,CTX_RH_INSULA_SIZE_UCBERKELEYAV45_10_17_16
865,CTX_RH_ISTHMUSCINGULATE_UCBERKELEYAV45_10_17_16
866,CTX_RH_ISTHMUSCINGULATE_SIZE_UCBERKELEYAV45_10_17_16
867,CTX_RH_LATERALOCCIPITAL_UCBERKELEYAV45_10_17_16
868,CTX_RH_LATERALOCCIPITAL_SIZE_UCBERKELEYAV45_10_17_16
869,CTX_RH_LATERALORBITOFRONTAL_UCBERKELEYAV45_10_17_16
870,CTX_RH_LATERALORBITOFRONTAL_SIZE_UCBERKELEYAV45_10_17_16
871,CTX_RH_LINGUAL_UCBERKELEYAV45_10_17_16
872,CTX_RH_LINGUAL_SIZE_UCBERKELEYAV45_10_17_16
873,CTX_RH_MEDIALORBITOFRONTAL_UCBERKELEYAV45_10_17_16
874,CTX_RH_MEDIALORBITOFRONTAL_SIZE_UCBERKELEYAV45_10_17_16
875,CTX_RH_MIDDLETEMPORAL_UCBERKELEYAV45_10_17_16
876,CTX_RH_MIDDLETEMPORAL_SIZE_UCBERKELEYAV45_10_17_16
877,CTX_RH_PARACENTRAL_UCBERKELEYAV45_10_17_16
878,CTX_RH_PARACENTRAL_SIZE_UCBERKELEYAV45_10_17_16
879,CTX_RH_PARAHIPPOCAMPAL_UCBERKELEYAV45_10_17_16
880,CTX_RH_PARAHIPPOCAMPAL_SIZE_UCBERKELEYAV45_10_17_16
881,CTX_RH_PARSOPERCULARIS_UCBERKELEYAV45_10_17_16
882,CTX_RH_PARSOPERCULARIS_SIZE_UCBERKELEYAV45_10_17_16
883,CTX_RH_PARSORBITALIS_UCBERKELEYAV45_10_17_16
884,CTX_RH_PARSORBITALIS_SIZE_UCBERKELEYAV45_10_17_16
885,CTX_RH_PARSTRIANGULARIS_UCBERKELEYAV45_10_17_16
886,CTX_RH_PARSTRIANGULARIS_SIZE_UCBERKELEYAV45_10_17_16
887,CTX_RH_PERICALCARINE_UCBERKELEYAV45_10_17_16
888,CTX_RH_PERICALCARINE_SIZE_UCBERKELEYAV45_10_17_16
889,CTX_RH_POSTCENTRAL_UCBERKELEYAV45_10_17_16
890,CTX_RH_POSTCENTRAL_SIZE_UCBERKELEYAV45_10_17_16
891,CTX_RH_POSTERIORCINGULATE_UCBERKELEYAV45_10_17_16
892,CTX_RH_POSTERIORCINGULATE_SIZE_UCBERKELEYAV45_10_17_16
893,CTX_RH_PRECENTRAL_UCBERKELEYAV45_10_17_16
894,CTX_RH_PRECENTRAL_SIZE_UCBERKELEYAV45_10_17_16
895,CTX_RH_PRECUNEUS_UCBERKELEYAV45_10_17_16
896,CTX_RH_PRECUNEUS_SIZE_UCBERKELEYAV45_10_17_16
897,CTX_RH_ROSTRALANTERIORCINGULATE_UCBERKELEYAV45_10_17_16
898,CTX_RH_ROSTRALANTERIORCINGULATE_SIZE_UCBERKELEYAV45_10_17_16
899,CTX_RH_ROSTRALMIDDLEFRONTAL_UCBERKELEYAV45_10_17_16
900,CTX_RH_ROSTRALMIDDLEFRONTAL_SIZE_UCBERKELEYAV45_10_17_16
901,CTX_RH_SUPERIORFRONTAL_UCBERKELEYAV45_10_17_16
902,CTX_RH_SUPERIORFRONTAL_SIZE_UCBERKELEYAV45_10_17_16
903,CTX_RH_SUPERIORPARIETAL_UCBERKELEYAV45_10_17_16
904,CTX_RH_SUPERIORPARIETAL_SIZE_UCBERKELEYAV45_10_17_16
905,CTX_RH_SUPERIORTEMPORAL_UCBERKELEYAV45_10_17_16
906,CTX_RH_SUPERIORTEMPORAL_SIZE_UCBERKELEYAV45_10_17_16
907,CTX_RH_SUPRAMARGINAL_UCBERKELEYAV45_10_17_16
908,CTX_RH_SUPRAMARGINAL_SIZE_UCBERKELEYAV45_10_17_16
909,CTX_RH_TEMPORALPOLE_UCBERKELEYAV45_10_17_16
910,CTX_RH_TEMPORALPOLE_SIZE_UCBERKELEYAV45_10_17_16
911,CTX_RH_TRANSVERSETEMPORAL_UCBERKELEYAV45_10_17_16
912,CTX_RH_TRANSVERSETEMPORAL_SIZE_UCBERKELEYAV45_10_17_16
913,CTX_RH_UNKNOWN_UCBERKELEYAV45_10_17_16
914,CTX_RH_UNKNOWN_SIZE_UCBERKELEYAV45_10_17_16
915,LEFT_ACCUMBENS_AREA_UCBERKELEYAV45_10_17_16
916,LEFT_ACCUMBENS_AREA_SIZE_UCBERKELEYAV45_10_17_16
917,LEFT_AMYGDALA_UCBERKELEYAV45_10_17_16
918,LEFT_AMYGDALA_SIZE_UCBERKELEYAV45_10_17_16
919,LEFT_CAUDATE_UCBERKELEYAV45_10_17_16
920,LEFT_CAUDATE_SIZE_UCBERKELEYAV45_10_17_16
921,LEFT_CEREBELLUM_CORTEX_UCBERKELEYAV45_10_17_16
922,LEFT_CEREBELLUM_CORTEX_SIZE_UCBERKELEYAV45_10_17_16
923,LEFT_CEREBELLUM_WHITE_MATTER_UCBERKELEYAV45_10_17_16
924,LEFT_CEREBELLUM_WHITE_MATTER_SIZE_UCBERKELEYAV45_10_17_16
925,LEFT_CEREBRAL_WHITE_MATTER_UCBERKELEYAV45_10_17_16
926,LEFT_CEREBRAL_WHITE_MATTER_SIZE_UCBERKELEYAV45_10_17_16
927,LEFT_CHOROID_PLEXUS_UCBERKELEYAV45_10_17_16
928,LEFT_CHOROID_PLEXUS_SIZE_UCBERKELEYAV45_10_17_16
929,LEFT_HIPPOCAMPUS_UCBERKELEYAV45_10_17_16
930,LEFT_HIPPOCAMPUS_SIZE_UCBERKELEYAV45_10_17_16
931,LEFT_INF_LAT_VENT_UCBERKELEYAV45_10_17_16
932,LEFT_INF_LAT_VENT_SIZE_UCBERKELEYAV45_10_17_16
933,LEFT_LATERAL_VENTRICLE_UCBERKELEYAV45_10_17_16
934,LEFT_LATERAL_VENTRICLE_SIZE_UCBERKELEYAV45_10_17_16
935,LEFT_PALLIDUM_UCBERKELEYAV45_10_17_16
936,LEFT_PALLIDUM_SIZE_UCBERKELEYAV45_10_17_16
937,LEFT_PUTAMEN_UCBERKELEYAV45_10_17_16
938,LEFT_PUTAMEN_SIZE_UCBERKELEYAV45_10_17_16
939,LEFT_THALAMUS_PROPER_UCBERKELEYAV45_10_17_16
940,LEFT_THALAMUS_PROPER_SIZE_UCBERKELEYAV45_10_17_16
941,LEFT_VENTRALDC_UCBERKELEYAV45_10_17_16
942,LEFT_VENTRALDC_SIZE_UCBERKELEYAV45_10_17_16
943,LEFT_VESSEL_UCBERKELEYAV45_10_17_16
944,LEFT_VESSEL_SIZE_UCBERKELEYAV45_10_17_16
945,NON_WM_HYPOINTENSITIES_UCBERKELEYAV45_10_17_16
946,NON_WM_HYPOINTENSITIES_SIZE_UCBERKELEYAV45_10_17_16
947,OPTIC_CHIASM_UCBERKELEYAV45_10_17_16
948,OPTIC_CHIASM_SIZE_UCBERKELEYAV45_10_17_16
949,RIGHT_ACCUMBENS_AREA_UCBERKELEYAV45_10_17_16
950,RIGHT_ACCUMBENS_AREA_SIZE_UCBERKELEYAV45_10_17_16
951,RIGHT_AMYGDALA_UCBERKELEYAV45_10_17_16
952,RIGHT_AMYGDALA_SIZE_UCBERKELEYAV45_10_17_16
953,RIGHT_CAUDATE_UCBERKELEYAV45_10_17_16
954,RIGHT_CAUDATE_SIZE_UCBERKELEYAV45_10_17_16
955,RIGHT_CEREBELLUM_CORTEX_UCBERKELEYAV45_10_17_16
956,RIGHT_CEREBELLUM_CORTEX_SIZE_UCBERKELEYAV45_10_17_16
957,RIGHT_CEREBELLUM_WHITE_MATTER_UCBERKELEYAV45_10_17_16
958,RIGHT_CEREBELLUM_WHITE_MATTER_SIZE_UCBERKELEYAV45_10_17_16
959,RIGHT_CEREBRAL_WHITE_MATTER_UCBERKELEYAV45_10_17_16
960,RIGHT_CEREBRAL_WHITE_MATTER_SIZE_UCBERKELEYAV45_10_17_16
961,RIGHT_CHOROID_PLEXUS_UCBERKELEYAV45_10_17_16
962,RIGHT_CHOROID_PLEXUS_SIZE_UCBERKELEYAV45_10_17_16
963,RIGHT_HIPPOCAMPUS_UCBERKELEYAV45_10_17_16
964,RIGHT_HIPPOCAMPUS_SIZE_UCBERKELEYAV45_10_17_16
965,RIGHT_INF_LAT_VENT_UCBERKELEYAV45_10_17_16
966,RIGHT_INF_LAT_VENT_SIZE_UCBERKELEYAV45_10_17_16
967,RIGHT_LATERAL_VENTRICLE_UCBERKELEYAV45_10_17_16
968,RIGHT_LATERAL_VENTRICLE_SIZE_UCBERKELEYAV45_10_17_16
969,RIGHT_PALLIDUM_UCBERKELEYAV45_10_17_16
970,RIGHT_PALLIDUM_SIZE_UCBERKELEYAV45_10_17_16
971,RIGHT_PUTAMEN_UCBERKELEYAV45_10_17_16
972,RIGHT_PUTAMEN_SIZE_UCBERKELEYAV45_10_17_16
973,RIGHT_THALAMUS_PROPER_UCBERKELEYAV45_10_17_16
974,RIGHT_THALAMUS_PROPER_SIZE_UCBERKELEYAV45_10_17_16
975,RIGHT_VENTRALDC_UCBERKELEYAV45_10_17_16
976,RIGHT_VENTRALDC_SIZE_UCBERKELEYAV45_10_17_16
977,RIGHT_VESSEL_UCBERKELEYAV45_10_17_16
978,RIGHT_VESSEL_SIZE_UCBERKELEYAV45_10_17_16
979,WM_HYPOINTENSITIES_UCBERKELEYAV45_10_17_16
980,WM_HYPOINTENSITIES_SIZE_UCBERKELEYAV45_10_17_16
981,update_stamp_UCBERKELEYAV45_10_17_16
982,EXAMDATE_UCBERKELEYAV1451_10_17_16
983,CEREBELLUMGREYMATTER_UCBERKELEYAV1451_10_17_16
984,CEREBELLUMGREYMATTER_SIZE_UCBERKELEYAV1451_10_17_16
985,BRAAK1_UCBERKELEYAV1451_10_17_16
986,BRAAK1_SIZE_UCBERKELEYAV1451_10_17_16
987,BRAAK2_UCBERKELEYAV1451_10_17_16
988,BRAAK2_SIZE_UCBERKELEYAV1451_10_17_16
989,BRAAK3_UCBERKELEYAV1451_10_17_16
990,BRAAK3_SIZE_UCBERKELEYAV1451_10_17_16
991,BRAAK4_UCBERKELEYAV1451_10_17_16
992,BRAAK4_SIZE_UCBERKELEYAV1451_10_17_16
993,BRAAK5_UCBERKELEYAV1451_10_17_16
994,BRAAK5_SIZE_UCBERKELEYAV1451_10_17_16
995,BRAAK6_UCBERKELEYAV1451_10_17_16
996,BRAAK6_SIZE_UCBERKELEYAV1451_10_17_16
997,ERODED_SUBCORTICALWM_UCBERKELEYAV1451_10_17_16
998,ERODED_SUBCORTICALWM_SIZE_UCBERKELEYAV1451_10_17_16
999,VENTRICLE_3RD_UCBERKELEYAV1451_10_17_16
1000,VENTRICLE_3RD_SIZE_UCBERKELEYAV1451_10_17_16
1001,VENTRICLE_4TH_UCBERKELEYAV1451_10_17_16
1002,VENTRICLE_4TH_SIZE_UCBERKELEYAV1451_10_17_16
1003,VENTRICLE_5TH_UCBERKELEYAV1451_10_17_16
1004,VENTRICLE_5TH_SIZE_UCBERKELEYAV1451_10_17_16
1005,BRAINSTEM_UCBERKELEYAV1451_10_17_16
1006,BRAINSTEM_SIZE_UCBERKELEYAV1451_10_17_16
1007,CC_ANTERIOR_UCBERKELEYAV1451_10_17_16
1008,CC_ANTERIOR_SIZE_UCBERKELEYAV1451_10_17_16
1009,CC_CENTRAL_UCBERKELEYAV1451_10_17_16
1010,CC_CENTRAL_SIZE_UCBERKELEYAV1451_10_17_16
1011,CC_MID_ANTERIOR_UCBERKELEYAV1451_10_17_16
1012,CC_MID_ANTERIOR_SIZE_UCBERKELEYAV1451_10_17_16
1013,CC_MID_POSTERIOR_UCBERKELEYAV1451_10_17_16
1014,CC_MID_POSTERIOR_SIZE_UCBERKELEYAV1451_10_17_16
1015,CC_POSTERIOR_UCBERKELEYAV1451_10_17_16
1016,CC_POSTERIOR_SIZE_UCBERKELEYAV1451_10_17_16
1017,CSF_UCBERKELEYAV1451_10_17_16
1018,CSF_SIZE_UCBERKELEYAV1451_10_17_16
1019,CTX_LH_BANKSSTS_UCBERKELEYAV1451_10_17_16
1020,CTX_LH_BANKSSTS_SIZE_UCBERKELEYAV1451_10_17_16
1021,CTX_LH_CAUDALANTERIORCINGULATE_UCBERKELEYAV1451_10_17_16
1022,CTX_LH_CAUDALANTERIORCINGULATE_SIZE_UCBERKELEYAV1451_10_17_16
1023,CTX_LH_CAUDALMIDDLEFRONTAL_UCBERKELEYAV1451_10_17_16
1024,CTX_LH_CAUDALMIDDLEFRONTAL_SIZE_UCBERKELEYAV1451_10_17_16
1025,CTX_LH_CUNEUS_UCBERKELEYAV1451_10_17_16
1026,CTX_LH_CUNEUS_SIZE_UCBERKELEYAV1451_10_17_16
1027,CTX_LH_ENTORHINAL_UCBERKELEYAV1451_10_17_16
1028,CTX_LH_ENTORHINAL_SIZE_UCBERKELEYAV1451_10_17_16
1029,CTX_LH_FRONTALPOLE_UCBERKELEYAV1451_10_17_16
1030,CTX_LH_FRONTALPOLE_SIZE_UCBERKELEYAV1451_10_17_16
1031,CTX_LH_FUSIFORM_UCBERKELEYAV1451_10_17_16
1032,CTX_LH_FUSIFORM_SIZE_UCBERKELEYAV1451_10_17_16
1033,CTX_LH_INFERIORPARIETAL_UCBERKELEYAV1451_10_17_16
1034,CTX_LH_INFERIORPARIETAL_SIZE_UCBERKELEYAV1451_10_17_16
1035,CTX_LH_INFERIORTEMPORAL_UCBERKELEYAV1451_10_17_16
1036,CTX_LH_INFERIORTEMPORAL_SIZE_UCBERKELEYAV1451_10_17_16
1037,CTX_LH_INSULA_UCBERKELEYAV1451_10_17_16
1038,CTX_LH_INSULA_SIZE_UCBERKELEYAV1451_10_17_16
1039,CTX_LH_ISTHMUSCINGULATE_UCBERKELEYAV1451_10_17_16
1040,CTX_LH_ISTHMUSCINGULATE_SIZE_UCBERKELEYAV1451_10_17_16
1041,CTX_LH_LATERALOCCIPITAL_UCBERKELEYAV1451_10_17_16
1042,CTX_LH_LATERALOCCIPITAL_SIZE_UCBERKELEYAV1451_10_17_16
1043,CTX_LH_LATERALORBITOFRONTAL_UCBERKELEYAV1451_10_17_16
1044,CTX_LH_LATERALORBITOFRONTAL_SIZE_UCBERKELEYAV1451_10_17_16
1045,CTX_LH_LINGUAL_UCBERKELEYAV1451_10_17_16
1046,CTX_LH_LINGUAL_SIZE_UCBERKELEYAV1451_10_17_16
1047,CTX_LH_MEDIALORBITOFRONTAL_UCBERKELEYAV1451_10_17_16
1048,CTX_LH_MEDIALORBITOFRONTAL_SIZE_UCBERKELEYAV1451_10_17_16
1049,CTX_LH_MIDDLETEMPORAL_UCBERKELEYAV1451_10_17_16
1050,CTX_LH_MIDDLETEMPORAL_SIZE_UCBERKELEYAV1451_10_17_16
1051,CTX_LH_PARACENTRAL_UCBERKELEYAV1451_10_17_16
1052,CTX_LH_PARACENTRAL_SIZE_UCBERKELEYAV1451_10_17_16
1053,CTX_LH_PARAHIPPOCAMPAL_UCBERKELEYAV1451_10_17_16
1054,CTX_LH_PARAHIPPOCAMPAL_SIZE_UCBERKELEYAV1451_10_17_16
1055,CTX_LH_PARSOPERCULARIS_UCBERKELEYAV1451_10_17_16
1056,CTX_LH_PARSOPERCULARIS_SIZE_UCBERKELEYAV1451_10_17_16
1057,CTX_LH_PARSORBITALIS_UCBERKELEYAV1451_10_17_16
1058,CTX_LH_PARSORBITALIS_SIZE_UCBERKELEYAV1451_10_17_16
1059,CTX_LH_PARSTRIANGULARIS_UCBERKELEYAV1451_10_17_16
1060,CTX_LH_PARSTRIANGULARIS_SIZE_UCBERKELEYAV1451_10_17_16
1061,CTX_LH_PERICALCARINE_UCBERKELEYAV1451_10_17_16
1062,CTX_LH_PERICALCARINE_SIZE_UCBERKELEYAV1451_10_17_16
1063,CTX_LH_POSTCENTRAL_UCBERKELEYAV1451_10_17_16
1064,CTX_LH_POSTCENTRAL_SIZE_UCBERKELEYAV1451_10_17_16
1065,CTX_LH_POSTERIORCINGULATE_UCBERKELEYAV1451_10_17_16
1066,CTX_LH_POSTERIORCINGULATE_SIZE_UCBERKELEYAV1451_10_17_16
1067,CTX_LH_PRECENTRAL_UCBERKELEYAV1451_10_17_16
1068,CTX_LH_PRECENTRAL_SIZE_UCBERKELEYAV1451_10_17_16
1069,CTX_LH_PRECUNEUS_UCBERKELEYAV1451_10_17_16
1070,CTX_LH_PRECUNEUS_SIZE_UCBERKELEYAV1451_10_17_16
1071,CTX_LH_ROSTRALANTERIORCINGULATE_UCBERKELEYAV1451_10_17_16
1072,CTX_LH_ROSTRALANTERIORCINGULATE_SIZE_UCBERKELEYAV1451_10_17_16
1073,CTX_LH_ROSTRALMIDDLEFRONTAL_UCBERKELEYAV1451_10_17_16
1074,CTX_LH_ROSTRALMIDDLEFRONTAL_SIZE_UCBERKELEYAV1451_10_17_16
1075,CTX_LH_SUPERIORFRONTAL_UCBERKELEYAV1451_10_17_16
1076,CTX_LH_SUPERIORFRONTAL_SIZE_UCBERKELEYAV1451_10_17_16
1077,CTX_LH_SUPERIORPARIETAL_UCBERKELEYAV1451_10_17_16
1078,CTX_LH_SUPERIORPARIETAL_SIZE_UCBERKELEYAV1451_10_17_16
1079,CTX_LH_SUPERIORTEMPORAL_UCBERKELEYAV1451_10_17_16
1080,CTX_LH_SUPERIORTEMPORAL_SIZE_UCBERKELEYAV1451_10_17_16
1081,CTX_LH_SUPRAMARGINAL_UCBERKELEYAV1451_10_17_16
1082,CTX_LH_SUPRAMARGINAL_SIZE_UCBERKELEYAV1451_10_17_16
1083,CTX_LH_TEMPORALPOLE_UCBERKELEYAV1451_10_17_16
1084,CTX_LH_TEMPORALPOLE_SIZE_UCBERKELEYAV1451_10_17_16
1085,CTX_LH_TRANSVERSETEMPORAL_UCBERKELEYAV1451_10_17_16
1086,CTX_LH_TRANSVERSETEMPORAL_SIZE_UCBERKELEYAV1451_10_17_16
1087,CTX_LH_UNKNOWN_UCBERKELEYAV1451_10_17_16
1088,CTX_LH_UNKNOWN_SIZE_UCBERKELEYAV1451_10_17_16
1089,CTX_RH_BANKSSTS_UCBERKELEYAV1451_10_17_16
1090,CTX_RH_BANKSSTS_SIZE_UCBERKELEYAV1451_10_17_16
1091,CTX_RH_CAUDALANTERIORCINGULATE_UCBERKELEYAV1451_10_17_16
1092,CTX_RH_CAUDALANTERIORCINGULATE_SIZE_UCBERKELEYAV1451_10_17_16
1093,CTX_RH_CAUDALMIDDLEFRONTAL_UCBERKELEYAV1451_10_17_16
1094,CTX_RH_CAUDALMIDDLEFRONTAL_SIZE_UCBERKELEYAV1451_10_17_16
1095,CTX_RH_CUNEUS_UCBERKELEYAV1451_10_17_16
1096,CTX_RH_CUNEUS_SIZE_UCBERKELEYAV1451_10_17_16
1097,CTX_RH_ENTORHINAL_UCBERKELEYAV1451_10_17_16
1098,CTX_RH_ENTORHINAL_SIZE_UCBERKELEYAV1451_10_17_16
1099,CTX_RH_FRONTALPOLE_UCBERKELEYAV1451_10_17_16
1100,CTX_RH_FRONTALPOLE_SIZE_UCBERKELEYAV1451_10_17_16
1101,CTX_RH_FUSIFORM_UCBERKELEYAV1451_10_17_16
1102,CTX_RH_FUSIFORM_SIZE_UCBERKELEYAV1451_10_17_16
1103,CTX_RH_INFERIORPARIETAL_UCBERKELEYAV1451_10_17_16
1104,CTX_RH_INFERIORPARIETAL_SIZE_UCBERKELEYAV1451_10_17_16
1105,CTX_RH_INFERIORTEMPORAL_UCBERKELEYAV1451_10_17_16
1106,CTX_RH_INFERIORTEMPORAL_SIZE_UCBERKELEYAV1451_10_17_16
1107,CTX_RH_INSULA_UCBERKELEYAV1451_10_17_16
1108,CTX_RH_INSULA_SIZE_UCBERKELEYAV1451_10_17_16
1109,CTX_RH_ISTHMUSCINGULATE_UCBERKELEYAV1451_10_17_16
1110,CTX_RH_ISTHMUSCINGULATE_SIZE_UCBERKELEYAV1451_10_17_16
1111,CTX_RH_LATERALOCCIPITAL_UCBERKELEYAV1451_10_17_16
1112,CTX_RH_LATERALOCCIPITAL_SIZE_UCBERKELEYAV1451_10_17_16
1113,CTX_RH_LATERALORBITOFRONTAL_UCBERKELEYAV1451_10_17_16
1114,CTX_RH_LATERALORBITOFRONTAL_SIZE_UCBERKELEYAV1451_10_17_16
1115,CTX_RH_LINGUAL_UCBERKELEYAV1451_10_17_16
1116,CTX_RH_LINGUAL_SIZE_UCBERKELEYAV1451_10_17_16
1117,CTX_RH_MEDIALORBITOFRONTAL_UCBERKELEYAV1451_10_17_16
1118,CTX_RH_MEDIALORBITOFRONTAL_SIZE_UCBERKELEYAV1451_10_17_16
1119,CTX_RH_MIDDLETEMPORAL_UCBERKELEYAV1451_10_17_16
1120,CTX_RH_MIDDLETEMPORAL_SIZE_UCBERKELEYAV1451_10_17_16
1121,CTX_RH_PARACENTRAL_UCBERKELEYAV1451_10_17_16
1122,CTX_RH_PARACENTRAL_SIZE_UCBERKELEYAV1451_10_17_16
1123,CTX_RH_PARAHIPPOCAMPAL_UCBERKELEYAV1451_10_17_16
1124,CTX_RH_PARAHIPPOCAMPAL_SIZE_UCBERKELEYAV1451_10_17_16
1125,CTX_RH_PARSOPERCULARIS_UCBERKELEYAV1451_10_17_16
1126,CTX_RH_PARSOPERCULARIS_SIZE_UCBERKELEYAV1451_10_17_16
1127,CTX_RH_PARSORBITALIS_UCBERKELEYAV1451_10_17_16
1128,CTX_RH_PARSORBITALIS_SIZE_UCBERKELEYAV1451_10_17_16
1129,CTX_RH_PARSTRIANGULARIS_UCBERKELEYAV1451_10_17_16
1130,CTX_RH_PARSTRIANGULARIS_SIZE_UCBERKELEYAV1451_10_17_16
1131,CTX_RH_PERICALCARINE_UCBERKELEYAV1451_10_17_16
1132,CTX_RH_PERICALCARINE_SIZE_UCBERKELEYAV1451_10_17_16
1133,CTX_RH_POSTCENTRAL_UCBERKELEYAV1451_10_17_16
1134,CTX_RH_POSTCENTRAL_SIZE_UCBERKELEYAV1451_10_17_16
1135,CTX_RH_POSTERIORCINGULATE_UCBERKELEYAV1451_10_17_16
1136,CTX_RH_POSTERIORCINGULATE_SIZE_UCBERKELEYAV1451_10_17_16
1137,CTX_RH_PRECENTRAL_UCBERKELEYAV1451_10_17_16
1138,CTX_RH_PRECENTRAL_SIZE_UCBERKELEYAV1451_10_17_16
1139,CTX_RH_PRECUNEUS_UCBERKELEYAV1451_10_17_16
1140,CTX_RH_PRECUNEUS_SIZE_UCBERKELEYAV1451_10_17_16
1141,CTX_RH_ROSTRALANTERIORCINGULATE_UCBERKELEYAV1451_10_17_16
1142,CTX_RH_ROSTRALANTERIORCINGULATE_SIZE_UCBERKELEYAV1451_10_17_16
1143,CTX_RH_ROSTRALMIDDLEFRONTAL_UCBERKELEYAV1451_10_17_16
1144,CTX_RH_ROSTRALMIDDLEFRONTAL_SIZE_UCBERKELEYAV1451_10_17_16
1145,CTX_RH_SUPERIORFRONTAL_UCBERKELEYAV1451_10_17_16
1146,CTX_RH_SUPERIORFRONTAL_SIZE_UCBERKELEYAV1451_10_17_16
1147,CTX_RH_SUPERIORPARIETAL_UCBERKELEYAV1451_10_17_16
1148,CTX_RH_SUPERIORPARIETAL_SIZE_UCBERKELEYAV1451_10_17_16
1149,CTX_RH_SUPERIORTEMPORAL_UCBERKELEYAV1451_10_17_16
1150,CTX_RH_SUPERIORTEMPORAL_SIZE_UCBERKELEYAV1451_10_17_16
1151,CTX_RH_SUPRAMARGINAL_UCBERKELEYAV1451_10_17_16
1152,CTX_RH_SUPRAMARGINAL_SIZE_UCBERKELEYAV1451_10_17_16
1153,CTX_RH_TEMPORALPOLE_UCBERKELEYAV1451_10_17_16
1154,CTX_RH_TEMPORALPOLE_SIZE_UCBERKELEYAV1451_10_17_16
1155,CTX_RH_TRANSVERSETEMPORAL_UCBERKELEYAV1451_10_17_16
1156,CTX_RH_TRANSVERSETEMPORAL_SIZE_UCBERKELEYAV1451_10_17_16
1157,CTX_RH_UNKNOWN_UCBERKELEYAV1451_10_17_16
1158,CTX_RH_UNKNOWN_SIZE_UCBERKELEYAV1451_10_17_16
1159,LEFT_ACCUMBENS_AREA_UCBERKELEYAV1451_10_17_16
1160,LEFT_ACCUMBENS_AREA_SIZE_UCBERKELEYAV1451_10_17_16
1161,LEFT_AMYGDALA_UCBERKELEYAV1451_10_17_16
1162,LEFT_AMYGDALA_SIZE_UCBERKELEYAV1451_10_17_16
1163,LEFT_CAUDATE_UCBERKELEYAV1451_10_17_16
1164,LEFT_CAUDATE_SIZE_UCBERKELEYAV1451_10_17_16
1165,LEFT_CEREBELLUM_CORTEX_UCBERKELEYAV1451_10_17_16
1166,LEFT_CEREBELLUM_CORTEX_SIZE_UCBERKELEYAV1451_10_17_16
1167,LEFT_CEREBELLUM_WHITE_MATTER_UCBERKELEYAV1451_10_17_16
1168,LEFT_CEREBELLUM_WHITE_MATTER_SIZE_UCBERKELEYAV1451_10_17_16
1169,LEFT_CEREBRAL_WHITE_MATTER_UCBERKELEYAV1451_10_17_16
1170,LEFT_CEREBRAL_WHITE_MATTER_SIZE_UCBERKELEYAV1451_10_17_16
1171,LEFT_CHOROID_PLEXUS_UCBERKELEYAV1451_10_17_16
1172,LEFT_CHOROID_PLEXUS_SIZE_UCBERKELEYAV1451_10_17_16
1173,LEFT_HIPPOCAMPUS_UCBERKELEYAV1451_10_17_16
1174,LEFT_HIPPOCAMPUS_SIZE_UCBERKELEYAV1451_10_17_16
1175,LEFT_INF_LAT_VENT_UCBERKELEYAV1451_10_17_16
1176,LEFT_INF_LAT_VENT_SIZE_UCBERKELEYAV1451_10_17_16
1177,LEFT_LATERAL_VENTRICLE_UCBERKELEYAV1451_10_17_16
1178,LEFT_LATERAL_VENTRICLE_SIZE_UCBERKELEYAV1451_10_17_16
1179,LEFT_PALLIDUM_UCBERKELEYAV1451_10_17_16
1180,LEFT_PALLIDUM_SIZE_UCBERKELEYAV1451_10_17_16
1181,LEFT_PUTAMEN_UCBERKELEYAV1451_10_17_16
1182,LEFT_PUTAMEN_SIZE_UCBERKELEYAV1451_10_17_16
1183,LEFT_THALAMUS_PROPER_UCBERKELEYAV1451_10_17_16
1184,LEFT_THALAMUS_PROPER_SIZE_UCBERKELEYAV1451_10_17_16
1185,LEFT_VENTRALDC_UCBERKELEYAV1451_10_17_16
1186,LEFT_VENTRALDC_SIZE_UCBERKELEYAV1451_10_17_16
1187,LEFT_VESSEL_UCBERKELEYAV1451_10_17_16
1188,LEFT_VESSEL_SIZE_UCBERKELEYAV1451_10_17_16
1189,NON_WM_HYPOINTENSITIES_UCBERKELEYAV1451_10_17_16
1190,NON_WM_HYPOINTENSITIES_SIZE_UCBERKELEYAV1451_10_17_16
1191,OPTIC_CHIASM_UCBERKELEYAV1451_10_17_16
1192,OPTIC_CHIASM_SIZE_UCBERKELEYAV1451_10_17_16
1193,RIGHT_ACCUMBENS_AREA_UCBERKELEYAV1451_10_17_16
1194,RIGHT_ACCUMBENS_AREA_SIZE_UCBERKELEYAV1451_10_17_16
1195,RIGHT_AMYGDALA_UCBERKELEYAV1451_10_17_16
1196,RIGHT_AMYGDALA_SIZE_UCBERKELEYAV1451_10_17_16
1197,RIGHT_CAUDATE_UCBERKELEYAV1451_10_17_16
1198,RIGHT_CAUDATE_SIZE_UCBERKELEYAV1451_10_17_16
1199,RIGHT_CEREBELLUM_CORTEX_UCBERKELEYAV1451_10_17_16
1200,RIGHT_CEREBELLUM_CORTEX_SIZE_UCBERKELEYAV1451_10_17_16
1201,RIGHT_CEREBELLUM_WHITE_MATTER_UCBERKELEYAV1451_10_17_16
1202,RIGHT_CEREBELLUM_WHITE_MATTER_SIZE_UCBERKELEYAV1451_10_17_16
1203,RIGHT_CEREBRAL_WHITE_MATTER_UCBERKELEYAV1451_10_17_16
1204,RIGHT_CEREBRAL_WHITE_MATTER_SIZE_UCBERKELEYAV1451_10_17_16
1205,RIGHT_CHOROID_PLEXUS_UCBERKELEYAV1451_10_17_16
1206,RIGHT_CHOROID_PLEXUS_SIZE_UCBERKELEYAV1451_10_17_16
1207,RIGHT_HIPPOCAMPUS_UCBERKELEYAV1451_10_17_16
1208,RIGHT_HIPPOCAMPUS_SIZE_UCBERKELEYAV1451_10_17_16
1209,RIGHT_INF_LAT_VENT_UCBERKELEYAV1451_10_17_16
1210,RIGHT_INF_LAT_VENT_SIZE_UCBERKELEYAV1451_10_17_16
1211,RIGHT_LATERAL_VENTRICLE_UCBERKELEYAV1451_10_17_16
1212,RIGHT_LATERAL_VENTRICLE_SIZE_UCBERKELEYAV1451_10_17_16
1213,RIGHT_PALLIDUM_UCBERKELEYAV1451_10_17_16
1214,RIGHT_PALLIDUM_SIZE_UCBERKELEYAV1451_10_17_16
1215,RIGHT_PUTAMEN_UCBERKELEYAV1451_10_17_16
1216,RIGHT_PUTAMEN_SIZE_UCBERKELEYAV1451_10_17_16
1217,RIGHT_THALAMUS_PROPER_UCBERKELEYAV1451_10_17_16
1218,RIGHT_THALAMUS_PROPER_SIZE_UCBERKELEYAV1451_10_17_16
1219,RIGHT_VENTRALDC_UCBERKELEYAV1451_10_17_16
1220,RIGHT_VENTRALDC_SIZE_UCBERKELEYAV1451_10_17_16
1221,RIGHT_VESSEL_UCBERKELEYAV1451_10_17_16
1222,RIGHT_VESSEL_SIZE_UCBERKELEYAV1451_10_17_16
1223,WM_HYPOINTENSITIES_UCBERKELEYAV1451_10_17_16
1224,WM_HYPOINTENSITIES_SIZE_UCBERKELEYAV1451_10_17_16
1225,update_stamp_UCBERKELEYAV1451_10_17_16
1226,EXAMDATE_DTIROI_04_30_14
1227,VERSION_DTIROI_04_30_14
1228,VISNAME_DTIROI_04_30_14
1229,VISITNO_DTIROI_04_30_14
1230,LONIUID_1_DTIROI_04_30_14
1231,LONIUID_2_DTIROI_04_30_14
1232,LONIUID_3_DTIROI_04_30_14
1233,LONIUID_4_DTIROI_04_30_14
1234,RUNDATE_DTIROI_04_30_14
1235,STATUS_DTIROI_04_30_14
1236,FA_CST_L_DTIROI_04_30_14
1237,FA_CST_R_DTIROI_04_30_14
1238,FA_ICP_L_DTIROI_04_30_14
1239,FA_ICP_R_DTIROI_04_30_14
1240,FA_ML_L_DTIROI_04_30_14
1241,FA_ML_R_DTIROI_04_30_14
1242,FA_SCP_L_DTIROI_04_30_14
1243,FA_SCP_R_DTIROI_04_30_14
1244,FA_CP_L_DTIROI_04_30_14
1245,FA_CP_R_DTIROI_04_30_14
1246,FA_ALIC_L_DTIROI_04_30_14
1247,FA_ALIC_R_DTIROI_04_30_14
1248,FA_PLIC_L_DTIROI_04_30_14
1249,FA_PLIC_R_DTIROI_04_30_14
1250,FA_PTR_L_DTIROI_04_30_14
1251,FA_PTR_R_DTIROI_04_30_14
1252,FA_ACR_L_DTIROI_04_30_14
1253,FA_ACR_R_DTIROI_04_30_14
1254,FA_SCR_L_DTIROI_04_30_14
1255,FA_SCR_R_DTIROI_04_30_14
1256,FA_PCR_L_DTIROI_04_30_14
1257,FA_PCR_R_DTIROI_04_30_14
1258,FA_CGC_L_DTIROI_04_30_14
1259,FA_CGC_R_DTIROI_04_30_14
1260,FA_CGH_L_DTIROI_04_30_14
1261,FA_CGH_R_DTIROI_04_30_14
1262,FA_FX_ST_L_DTIROI_04_30_14
1263,FA_FX_ST_R_DTIROI_04_30_14
1264,FA_SLF_L_DTIROI_04_30_14
1265,FA_SLF_R_DTIROI_04_30_14
1266,FA_SFO_L_DTIROI_04_30_14
1267,FA_SFO_R_DTIROI_04_30_14
1268,FA_IFO_L_DTIROI_04_30_14
1269,FA_IFO_R_DTIROI_04_30_14
1270,FA_SS_L_DTIROI_04_30_14
1271,FA_SS_R_DTIROI_04_30_14
1272,FA_EC_L_DTIROI_04_30_14
1273,FA_EC_R_DTIROI_04_30_14
1274,FA_UNC_L_DTIROI_04_30_14
1275,FA_UNC_R_DTIROI_04_30_14
1276,FA_FX_L_DTIROI_04_30_14
1277,FA_FX_R_DTIROI_04_30_14
1278,FA_GCC_L_DTIROI_04_30_14
1279,FA_GCC_R_DTIROI_04_30_14
1280,FA_BCC_L_DTIROI_04_30_14
1281,FA_BCC_R_DTIROI_04_30_14
1282,FA_SCC_L_DTIROI_04_30_14
1283,FA_SCC_R_DTIROI_04_30_14
1284,FA_RLIC_L_DTIROI_04_30_14
1285,FA_RLIC_R_DTIROI_04_30_14
1286,FA_TAP_L_DTIROI_04_30_14
1287,FA_TAP_R_DTIROI_04_30_14
1288,FA_SUMGCC_DTIROI_04_30_14
1289,FA_SUMBCC_DTIROI_04_30_14
1290,FA_SUMSCC_DTIROI_04_30_14
1291,FA_SUMCC_DTIROI_04_30_14
1292,FA_SUMFX_DTIROI_04_30_14
1293,MD_CST_L_DTIROI_04_30_14
1294,MD_CST_R_DTIROI_04_30_14
1295,MD_ICP_L_DTIROI_04_30_14
1296,MD_ICP_R_DTIROI_04_30_14
1297,MD_ML_L_DTIROI_04_30_14
1298,MD_ML_R_DTIROI_04_30_14
1299,MD_SCP_L_DTIROI_04_30_14
1300,MD_SCP_R_DTIROI_04_30_14
1301,MD_CP_L_DTIROI_04_30_14
1302,MD_CP_R_DTIROI_04_30_14
1303,MD_ALIC_L_DTIROI_04_30_14
1304,MD_ALIC_R_DTIROI_04_30_14
1305,MD_PLIC_L_DTIROI_04_30_14
1306,MD_PLIC_R_DTIROI_04_30_14
1307,MD_PTR_L_DTIROI_04_30_14
1308,MD_PTR_R_DTIROI_04_30_14
1309,MD_ACR_L_DTIROI_04_30_14
1310,MD_ACR_R_DTIROI_04_30_14
1311,MD_SCR_L_DTIROI_04_30_14
1312,MD_SCR_R_DTIROI_04_30_14
1313,MD_PCR_L_DTIROI_04_30_14
1314,MD_PCR_R_DTIROI_04_30_14
1315,MD_CGC_L_DTIROI_04_30_14
1316,MD_CGC_R_DTIROI_04_30_14
1317,MD_CGH_L_DTIROI_04_30_14
1318,MD_CGH_R_DTIROI_04_30_14
1319,MD_FX_ST_L_DTIROI_04_30_14
1320,MD_FX_ST_R_DTIROI_04_30_14
1321,MD_SLF_L_DTIROI_04_30_14
1322,MD_SLF_R_DTIROI_04_30_14
1323,MD_SFO_L_DTIROI_04_30_14
1324,MD_SFO_R_DTIROI_04_30_14
1325,MD_IFO_L_DTIROI_04_30_14
1326,MD_IFO_R_DTIROI_04_30_14
1327,MD_SS_L_DTIROI_04_30_14
1328,MD_SS_R_DTIROI_04_30_14
1329,MD_EC_L_DTIROI_04_30_14
1330,MD_EC_R_DTIROI_04_30_14
1331,MD_UNC_L_DTIROI_04_30_14
1332,MD_UNC_R_DTIROI_04_30_14
1333,MD_FX_L_DTIROI_04_30_14
1334,MD_FX_R_DTIROI_04_30_14
1335,MD_GCC_L_DTIROI_04_30_14
1336,MD_GCC_R_DTIROI_04_30_14
1337,MD_BCC_L_DTIROI_04_30_14
1338,MD_BCC_R_DTIROI_04_30_14
1339,MD_SCC_L_DTIROI_04_30_14
1340,MD_SCC_R_DTIROI_04_30_14
1341,MD_RLIC_L_DTIROI_04_30_14
1342,MD_RLIC_R_DTIROI_04_30_14
1343,MD_TAP_L_DTIROI_04_30_14
1344,MD_TAP_R_DTIROI_04_30_14
1345,MD_SUMGCC_DTIROI_04_30_14
1346,MD_SUMBCC_DTIROI_04_30_14
1347,MD_SUMSCC_DTIROI_04_30_14
1348,MD_SUMCC_DTIROI_04_30_14
1349,MD_SUMFX_DTIROI_04_30_14
1350,RD_CST_L_DTIROI_04_30_14
1351,RD_CST_R_DTIROI_04_30_14
1352,RD_ICP_L_DTIROI_04_30_14
1353,RD_ICP_R_DTIROI_04_30_14
1354,RD_ML_L_DTIROI_04_30_14
1355,RD_ML_R_DTIROI_04_30_14
1356,RD_SCP_L_DTIROI_04_30_14
1357,RD_SCP_R_DTIROI_04_30_14
1358,RD_CP_L_DTIROI_04_30_14
1359,RD_CP_R_DTIROI_04_30_14
1360,RD_ALIC_L_DTIROI_04_30_14
1361,RD_ALIC_R_DTIROI_04_30_14
1362,RD_PLIC_L_DTIROI_04_30_14
1363,RD_PLIC_R_DTIROI_04_30_14
1364,RD_PTR_L_DTIROI_04_30_14
1365,RD_PTR_R_DTIROI_04_30_14
1366,RD_ACR_L_DTIROI_04_30_14
1367,RD_ACR_R_DTIROI_04_30_14
1368,RD_SCR_L_DTIROI_04_30_14
1369,RD_SCR_R_DTIROI_04_30_14
1370,RD_PCR_L_DTIROI_04_30_14
1371,RD_PCR_R_DTIROI_04_30_14
1372,RD_CGC_L_DTIROI_04_30_14
1373,RD_CGC_R_DTIROI_04_30_14
1374,RD_CGH_L_DTIROI_04_30_14
1375,RD_CGH_R_DTIROI_04_30_14
1376,RD_FX_ST_L_DTIROI_04_30_14
1377,RD_FX_ST_R_DTIROI_04_30_14
1378,RD_SLF_L_DTIROI_04_30_14
1379,RD_SLF_R_DTIROI_04_30_14
1380,RD_SFO_L_DTIROI_04_30_14
1381,RD_SFO_R_DTIROI_04_30_14
1382,RD_IFO_L_DTIROI_04_30_14
1383,RD_IFO_R_DTIROI_04_30_14
1384,RD_SS_L_DTIROI_04_30_14
1385,RD_SS_R_DTIROI_04_30_14
1386,RD_EC_L_DTIROI_04_30_14
1387,RD_EC_R_DTIROI_04_30_14
1388,RD_UNC_L_DTIROI_04_30_14
1389,RD_UNC_R_DTIROI_04_30_14
1390,RD_FX_L_DTIROI_04_30_14
1391,RD_FX_R_DTIROI_04_30_14
1392,RD_GCC_L_DTIROI_04_30_14
1393,RD_GCC_R_DTIROI_04_30_14
1394,RD_BCC_L_DTIROI_04_30_14
1395,RD_BCC_R_DTIROI_04_30_14
1396,RD_SCC_L_DTIROI_04_30_14
1397,RD_SCC_R_DTIROI_04_30_14
1398,RD_RLIC_L_DTIROI_04_30_14
1399,RD_RLIC_R_DTIROI_04_30_14
1400,RD_TAP_L_DTIROI_04_30_14
1401,RD_TAP_R_DTIROI_04_30_14
1402,RD_SUMGCC_DTIROI_04_30_14
1403,RD_SUMBCC_DTIROI_04_30_14
1404,RD_SUMSCC_DTIROI_04_30_14
1405,RD_SUMCC_DTIROI_04_30_14
1406,RD_SUMFX_DTIROI_04_30_14
1407,AD_CST_L_DTIROI_04_30_14
1408,AD_CST_R_DTIROI_04_30_14
1409,AD_ICP_L_DTIROI_04_30_14
1410,AD_ICP_R_DTIROI_04_30_14
1411,AD_ML_L_DTIROI_04_30_14
1412,AD_ML_R_DTIROI_04_30_14
1413,AD_SCP_L_DTIROI_04_30_14
1414,AD_SCP_R_DTIROI_04_30_14
1415,AD_CP_L_DTIROI_04_30_14
1416,AD_CP_R_DTIROI_04_30_14
1417,AD_ALIC_L_DTIROI_04_30_14
1418,AD_ALIC_R_DTIROI_04_30_14
1419,AD_PLIC_L_DTIROI_04_30_14
1420,AD_PLIC_R_DTIROI_04_30_14
1421,AD_PTR_L_DTIROI_04_30_14
1422,AD_PTR_R_DTIROI_04_30_14
1423,AD_ACR_L_DTIROI_04_30_14
1424,AD_ACR_R_DTIROI_04_30_14
1425,AD_SCR_L_DTIROI_04_30_14
1426,AD_SCR_R_DTIROI_04_30_14
1427,AD_PCR_L_DTIROI_04_30_14
1428,AD_PCR_R_DTIROI_04_30_14
1429,AD_CGC_L_DTIROI_04_30_14
1430,AD_CGC_R_DTIROI_04_30_14
1431,AD_CGH_L_DTIROI_04_30_14
1432,AD_CGH_R_DTIROI_04_30_14
1433,AD_FX_ST_L_DTIROI_04_30_14
1434,AD_FX_ST_R_DTIROI_04_30_14
1435,AD_SLF_L_DTIROI_04_30_14
1436,AD_SLF_R_DTIROI_04_30_14
1437,AD_SFO_L_DTIROI_04_30_14
1438,AD_SFO_R_DTIROI_04_30_14
1439,AD_IFO_L_DTIROI_04_30_14
1440,AD_IFO_R_DTIROI_04_30_14
1441,AD_SS_L_DTIROI_04_30_14
1442,AD_SS_R_DTIROI_04_30_14
1443,AD_EC_L_DTIROI_04_30_14
1444,AD_EC_R_DTIROI_04_30_14
1445,AD_UNC_L_DTIROI_04_30_14
1446,AD_UNC_R_DTIROI_04_30_14
1447,AD_FX_L_DTIROI_04_30_14
1448,AD_FX_R_DTIROI_04_30_14
1449,AD_GCC_L_DTIROI_04_30_14
1450,AD_GCC_R_DTIROI_04_30_14
1451,AD_BCC_L_DTIROI_04_30_14
1452,AD_BCC_R_DTIROI_04_30_14
1453,AD_SCC_L_DTIROI_04_30_14
1454,AD_SCC_R_DTIROI_04_30_14
1455,AD_RLIC_L_DTIROI_04_30_14
1456,AD_RLIC_R_DTIROI_04_30_14
1457,AD_TAP_L_DTIROI_04_30_14
1458,AD_TAP_R_DTIROI_04_30_14
1459,AD_SUMGCC_DTIROI_04_30_14
1460,AD_SUMBCC_DTIROI_04_30_14
1461,AD_SUMSCC_DTIROI_04_30_14
1462,AD_SUMCC_DTIROI_04_30_14
1463,AD_SUMFX_DTIROI_04_30_14
1464,update_stamp_DTIROI_04_30_14
1465,EXAMDATE_UPENNBIOMK9_04_19_17
1466,PHASE_UPENNBIOMK9_04_19_17
1467,BATCH_UPENNBIOMK9_04_19_17
1468,KIT_UPENNBIOMK9_04_19_17
1469,STDS_UPENNBIOMK9_04_19_17
1470,RUNDATE_UPENNBIOMK9_04_19_17
1471,ABETA_UPENNBIOMK9_04_19_17
1472,TAU_UPENNBIOMK9_04_19_17
1473,PTAU_UPENNBIOMK9_04_19_17
1474,update_stamp_UPENNBIOMK9_04_19_17
1475,P_D1D2
1476,D1
1477,D2
1478,D3
1479,D4
1480,D5
1481,D6
1482,D7
1483,D8
1484,D9
1485,D10
1486,D11
1487,D12
1488,D13
1489,D14
1490,D15
1491,D16
1492,D17
1493,D18
1494,D19
1495,D20
1496,APGEN1
1497,APGEN2
1498,APVOLUME
1499,CDRSB
1500,ADAS11
1501,ADAS13
1502,MMSE
