,MissingValues,TotalEntries
Unnamed: 0,0,2405
RID,0,2405
VISCODE,0,2405
SITE,0,2405
AGE,0,2405
PTGENDER,0,2405
PTEDUCAT,0,2405
PTETHCAT,0,2405
PTRACCAT,0,2405
PTMARRY,0,2405
APOE4,0,2405
FDG,1711,2405
PIB,2332,2405
AV45,2256,2405
RAVLT_immediate,704,2405
RAVLT_learning,707,2405
RAVLT_forgetting,707,2405
RAVLT_perc_forgetting,727,2405
FAQ,671,2405
Ventricles,1039,2405
Hippocampus,1270,2405
WholeBrain,1030,2405
Entorhinal,1277,2405
Fusiform,1277,2405
MidTemp,1277,2405
ICV,1014,2405
DX,0,2405
Month_bl,0,2405
M,0,2405
update_stamp,0,2405
EXAMDATE_UCSFFSL_02_01_16_UCSFFSL51ALL_08_01_16,0,2405
VERSION_UCSFFSL_02_01_16_UCSFFSL51ALL_08_01_16,0,2405
FLDSTRENG_UCSFFSL_02_01_16_UCSFFSL51ALL_08_01_16,1478,2405
LONISID_UCSFFSL_02_01_16_UCSFFSL51ALL_08_01_16,1450,2405
LONIUID_UCSFFSL_02_01_16_UCSFFSL51ALL_08_01_16,1450,2405
IMAGEUID_UCSFFSL_02_01_16_UCSFFSL51ALL_08_01_16,1450,2405
RUNDATE_UCSFFSL_02_01_16_UCSFFSL51ALL_08_01_16,0,2405
STATUS_UCSFFSL_02_01_16_UCSFFSL51ALL_08_01_16,0,2405
BASETP1_UCSFFSL_02_01_16_UCSFFSL51ALL_08_01_16,1478,2405
BASETP2_UCSFFSL_02_01_16_UCSFFSL51ALL_08_01_16,1478,2405
BASETP3_UCSFFSL_02_01_16_UCSFFSL51ALL_08_01_16,1478,2405
BASETP4_UCSFFSL_02_01_16_UCSFFSL51ALL_08_01_16,1478,2405
BASETP5_UCSFFSL_02_01_16_UCSFFSL51ALL_08_01_16,1478,2405
BASETP6_UCSFFSL_02_01_16_UCSFFSL51ALL_08_01_16,1478,2405
BASETP7_UCSFFSL_02_01_16_UCSFFSL51ALL_08_01_16,1478,2405
BASETP8_UCSFFSL_02_01_16_UCSFFSL51ALL_08_01_16,1478,2405
OVERALLQC_UCSFFSL_02_01_16_UCSFFSL51ALL_08_01_16,0,2405
TEMPQC_UCSFFSL_02_01_16_UCSFFSL51ALL_08_01_16,0,2405
FRONTQC_UCSFFSL_02_01_16_UCSFFSL51ALL_08_01_16,0,2405
PARQC_UCSFFSL_02_01_16_UCSFFSL51ALL_08_01_16,0,2405
INSULAQC_UCSFFSL_02_01_16_UCSFFSL51ALL_08_01_16,0,2405
OCCQC_UCSFFSL_02_01_16_UCSFFSL51ALL_08_01_16,0,2405
BGQC_UCSFFSL_02_01_16_UCSFFSL51ALL_08_01_16,0,2405
CWMQC_UCSFFSL_02_01_16_UCSFFSL51ALL_08_01_16,0,2405
VENTQC_UCSFFSL_02_01_16_UCSFFSL51ALL_08_01_16,0,2405
ST100SV_UCSFFSL_02_01_16_UCSFFSL51ALL_08_01_16,2405,2405
ST101SV_UCSFFSL_02_01_16_UCSFFSL51ALL_08_01_16,1450,2405
ST102CV_UCSFFSL_02_01_16_UCSFFSL51ALL_08_01_16,1450,2405
ST102SA_UCSFFSL_02_01_16_UCSFFSL51ALL_08_01_16,1450,2405
ST102TA_UCSFFSL_02_01_16_UCSFFSL51ALL_08_01_16,1450,2405
ST102TS_UCSFFSL_02_01_16_UCSFFSL51ALL_08_01_16,1450,2405
ST103CV_UCSFFSL_02_01_16_UCSFFSL51ALL_08_01_16,1450,2405
ST103SA_UCSFFSL_02_01_16_UCSFFSL51ALL_08_01_16,1450,2405
ST103TA_UCSFFSL_02_01_16_UCSFFSL51ALL_08_01_16,1450,2405
ST103TS_UCSFFSL_02_01_16_UCSFFSL51ALL_08_01_16,1450,2405
ST104CV_UCSFFSL_02_01_16_UCSFFSL51ALL_08_01_16,1450,2405
ST104SA_UCSFFSL_02_01_16_UCSFFSL51ALL_08_01_16,1450,2405
ST104TA_UCSFFSL_02_01_16_UCSFFSL51ALL_08_01_16,1450,2405
ST104TS_UCSFFSL_02_01_16_UCSFFSL51ALL_08_01_16,1450,2405
ST105CV_UCSFFSL_02_01_16_UCSFFSL51ALL_08_01_16,1450,2405
ST105SA_UCSFFSL_02_01_16_UCSFFSL51ALL_08_01_16,1450,2405
ST105TA_UCSFFSL_02_01_16_UCSFFSL51ALL_08_01_16,1450,2405
ST105TS_UCSFFSL_02_01_16_UCSFFSL51ALL_08_01_16,1450,2405
ST106CV_UCSFFSL_02_01_16_UCSFFSL51ALL_08_01_16,1450,2405
ST106SA_UCSFFSL_02_01_16_UCSFFSL51ALL_08_01_16,1450,2405
ST106TA_UCSFFSL_02_01_16_UCSFFSL51ALL_08_01_16,1450,2405
ST106TS_UCSFFSL_02_01_16_UCSFFSL51ALL_08_01_16,1450,2405
ST107CV_UCSFFSL_02_01_16_UCSFFSL51ALL_08_01_16,1450,2405
ST107SA_UCSFFSL_02_01_16_UCSFFSL51ALL_08_01_16,1450,2405
ST107TA_UCSFFSL_02_01_16_UCSFFSL51ALL_08_01_16,1450,2405
ST107TS_UCSFFSL_02_01_16_UCSFFSL51ALL_08_01_16,1450,2405
ST108CV_UCSFFSL_02_01_16_UCSFFSL51ALL_08_01_16,1450,2405
ST108SA_UCSFFSL_02_01_16_UCSFFSL51ALL_08_01_16,1450,2405
ST108TA_UCSFFSL_02_01_16_UCSFFSL51ALL_08_01_16,1450,2405
ST108TS_UCSFFSL_02_01_16_UCSFFSL51ALL_08_01_16,1450,2405
ST109CV_UCSFFSL_02_01_16_UCSFFSL51ALL_08_01_16,1450,2405
ST109SA_UCSFFSL_02_01_16_UCSFFSL51ALL_08_01_16,1450,2405
ST109TA_UCSFFSL_02_01_16_UCSFFSL51ALL_08_01_16,1450,2405
ST109TS_UCSFFSL_02_01_16_UCSFFSL51ALL_08_01_16,1450,2405
ST10CV_UCSFFSL_02_01_16_UCSFFSL51ALL_08_01_16,1450,2405
ST110CV_UCSFFSL_02_01_16_UCSFFSL51ALL_08_01_16,1450,2405
ST110SA_UCSFFSL_02_01_16_UCSFFSL51ALL_08_01_16,1450,2405
ST110TA_UCSFFSL_02_01_16_UCSFFSL51ALL_08_01_16,1450,2405
ST110TS_UCSFFSL_02_01_16_UCSFFSL51ALL_08_01_16,1450,2405
ST111CV_UCSFFSL_02_01_16_UCSFFSL51ALL_08_01_16,1450,2405
ST111SA_UCSFFSL_02_01_16_UCSFFSL51ALL_08_01_16,1450,2405
ST111TA_UCSFFSL_02_01_16_UCSFFSL51ALL_08_01_16,1450,2405
ST111TS_UCSFFSL_02_01_16_UCSFFSL51ALL_08_01_16,1450,2405
ST112SV_UCSFFSL_02_01_16_UCSFFSL51ALL_08_01_16,1450,2405
ST113CV_UCSFFSL_02_01_16_UCSFFSL51ALL_08_01_16,1450,2405
ST113SA_UCSFFSL_02_01_16_UCSFFSL51ALL_08_01_16,1450,2405
ST113TA_UCSFFSL_02_01_16_UCSFFSL51ALL_08_01_16,1450,2405
ST113TS_UCSFFSL_02_01_16_UCSFFSL51ALL_08_01_16,1450,2405
ST114CV_UCSFFSL_02_01_16_UCSFFSL51ALL_08_01_16,1450,2405
ST114SA_UCSFFSL_02_01_16_UCSFFSL51ALL_08_01_16,1450,2405
ST114TA_UCSFFSL_02_01_16_UCSFFSL51ALL_08_01_16,1450,2405
ST114TS_UCSFFSL_02_01_16_UCSFFSL51ALL_08_01_16,1450,2405
ST115CV_UCSFFSL_02_01_16_UCSFFSL51ALL_08_01_16,1450,2405
ST115SA_UCSFFSL_02_01_16_UCSFFSL51ALL_08_01_16,1450,2405
ST115TA_UCSFFSL_02_01_16_UCSFFSL51ALL_08_01_16,1450,2405
ST115TS_UCSFFSL_02_01_16_UCSFFSL51ALL_08_01_16,1450,2405
ST116CV_UCSFFSL_02_01_16_UCSFFSL51ALL_08_01_16,1450,2405
ST116SA_UCSFFSL_02_01_16_UCSFFSL51ALL_08_01_16,1450,2405
ST116TA_UCSFFSL_02_01_16_UCSFFSL51ALL_08_01_16,1450,2405
ST116TS_UCSFFSL_02_01_16_UCSFFSL51ALL_08_01_16,1450,2405
ST117CV_UCSFFSL_02_01_16_UCSFFSL51ALL_08_01_16,1450,2405
ST117SA_UCSFFSL_02_01_16_UCSFFSL51ALL_08_01_16,1450,2405
ST117TA_UCSFFSL_02_01_16_UCSFFSL51ALL_08_01_16,1450,2405
ST117TS_UCSFFSL_02_01_16_UCSFFSL51ALL_08_01_16,1450,2405
ST118CV_UCSFFSL_02_01_16_UCSFFSL51ALL_08_01_16,1450,2405
ST118SA_UCSFFSL_02_01_16_UCSFFSL51ALL_08_01_16,1450,2405
ST118TA_UCSFFSL_02_01_16_UCSFFSL51ALL_08_01_16,1450,2405
ST118TS_UCSFFSL_02_01_16_UCSFFSL51ALL_08_01_16,1450,2405
ST119CV_UCSFFSL_02_01_16_UCSFFSL51ALL_08_01_16,1450,2405
ST119SA_UCSFFSL_02_01_16_UCSFFSL51ALL_08_01_16,1450,2405
ST119TA_UCSFFSL_02_01_16_UCSFFSL51ALL_08_01_16,1450,2405
ST119TS_UCSFFSL_02_01_16_UCSFFSL51ALL_08_01_16,1450,2405
ST11SV_UCSFFSL_02_01_16_UCSFFSL51ALL_08_01_16,1450,2405
ST120SV_UCSFFSL_02_01_16_UCSFFSL51ALL_08_01_16,1450,2405
ST121CV_UCSFFSL_02_01_16_UCSFFSL51ALL_08_01_16,1450,2405
ST121SA_UCSFFSL_02_01_16_UCSFFSL51ALL_08_01_16,1450,2405
ST121TA_UCSFFSL_02_01_16_UCSFFSL51ALL_08_01_16,1450,2405
ST121TS_UCSFFSL_02_01_16_UCSFFSL51ALL_08_01_16,1450,2405
ST122SV_UCSFFSL_02_01_16_UCSFFSL51ALL_08_01_16,2404,2405
ST123CV_UCSFFSL_02_01_16_UCSFFSL51ALL_08_01_16,1478,2405
ST123SA_UCSFFSL_02_01_16_UCSFFSL51ALL_08_01_16,1478,2405
ST123TA_UCSFFSL_02_01_16_UCSFFSL51ALL_08_01_16,1478,2405
ST123TS_UCSFFSL_02_01_16_UCSFFSL51ALL_08_01_16,1478,2405
ST124SV_UCSFFSL_02_01_16_UCSFFSL51ALL_08_01_16,1450,2405
ST125SV_UCSFFSL_02_01_16_UCSFFSL51ALL_08_01_16,1457,2405
ST126SV_UCSFFSL_02_01_16_UCSFFSL51ALL_08_01_16,2404,2405
ST127SV_UCSFFSL_02_01_16_UCSFFSL51ALL_08_01_16,1450,2405
ST128SV_UCSFFSL_02_01_16_UCSFFSL51ALL_08_01_16,1450,2405
ST129CV_UCSFFSL_02_01_16_UCSFFSL51ALL_08_01_16,1450,2405
ST129SA_UCSFFSL_02_01_16_UCSFFSL51ALL_08_01_16,1450,2405
ST129TA_UCSFFSL_02_01_16_UCSFFSL51ALL_08_01_16,1450,2405
ST129TS_UCSFFSL_02_01_16_UCSFFSL51ALL_08_01_16,1450,2405
ST12SV_UCSFFSL_02_01_16_UCSFFSL51ALL_08_01_16,1450,2405
ST130CV_UCSFFSL_02_01_16_UCSFFSL51ALL_08_01_16,1450,2405
ST130SA_UCSFFSL_02_01_16_UCSFFSL51ALL_08_01_16,1450,2405
ST130TA_UCSFFSL_02_01_16_UCSFFSL51ALL_08_01_16,1450,2405
ST130TS_UCSFFSL_02_01_16_UCSFFSL51ALL_08_01_16,1450,2405
ST13CV_UCSFFSL_02_01_16_UCSFFSL51ALL_08_01_16,1450,2405
ST13SA_UCSFFSL_02_01_16_UCSFFSL51ALL_08_01_16,1450,2405
ST13TA_UCSFFSL_02_01_16_UCSFFSL51ALL_08_01_16,1450,2405
ST13TS_UCSFFSL_02_01_16_UCSFFSL51ALL_08_01_16,1450,2405
ST14CV_UCSFFSL_02_01_16_UCSFFSL51ALL_08_01_16,1450,2405
ST14SA_UCSFFSL_02_01_16_UCSFFSL51ALL_08_01_16,1450,2405
ST14TA_UCSFFSL_02_01_16_UCSFFSL51ALL_08_01_16,1450,2405
ST14TS_UCSFFSL_02_01_16_UCSFFSL51ALL_08_01_16,1450,2405
ST15CV_UCSFFSL_02_01_16_UCSFFSL51ALL_08_01_16,1450,2405
ST15SA_UCSFFSL_02_01_16_UCSFFSL51ALL_08_01_16,1450,2405
ST15TA_UCSFFSL_02_01_16_UCSFFSL51ALL_08_01_16,1450,2405
ST15TS_UCSFFSL_02_01_16_UCSFFSL51ALL_08_01_16,1450,2405
ST16SV_UCSFFSL_02_01_16_UCSFFSL51ALL_08_01_16,1450,2405
ST17SV_UCSFFSL_02_01_16_UCSFFSL51ALL_08_01_16,1450,2405
ST18SV_UCSFFSL_02_01_16_UCSFFSL51ALL_08_01_16,1450,2405
ST19SV_UCSFFSL_02_01_16_UCSFFSL51ALL_08_01_16,1478,2405
ST1SV_UCSFFSL_02_01_16_UCSFFSL51ALL_08_01_16,1450,2405
ST20SV_UCSFFSL_02_01_16_UCSFFSL51ALL_08_01_16,1478,2405
ST21SV_UCSFFSL_02_01_16_UCSFFSL51ALL_08_01_16,1450,2405
ST22CV_UCSFFSL_02_01_16_UCSFFSL51ALL_08_01_16,2404,2405
ST22SA_UCSFFSL_02_01_16_UCSFFSL51ALL_08_01_16,2404,2405
ST22TA_UCSFFSL_02_01_16_UCSFFSL51ALL_08_01_16,2404,2405
ST22TS_UCSFFSL_02_01_16_UCSFFSL51ALL_08_01_16,2404,2405
ST23CV_UCSFFSL_02_01_16_UCSFFSL51ALL_08_01_16,1450,2405
ST23SA_UCSFFSL_02_01_16_UCSFFSL51ALL_08_01_16,1450,2405
ST23TA_UCSFFSL_02_01_16_UCSFFSL51ALL_08_01_16,1450,2405
ST23TS_UCSFFSL_02_01_16_UCSFFSL51ALL_08_01_16,1450,2405
ST24CV_UCSFFSL_02_01_16_UCSFFSL51ALL_08_01_16,1450,2405
ST24SA_UCSFFSL_02_01_16_UCSFFSL51ALL_08_01_16,1450,2405
ST24TA_UCSFFSL_02_01_16_UCSFFSL51ALL_08_01_16,1450,2405
ST24TS_UCSFFSL_02_01_16_UCSFFSL51ALL_08_01_16,1450,2405
ST25CV_UCSFFSL_02_01_16_UCSFFSL51ALL_08_01_16,1450,2405
ST25SA_UCSFFSL_02_01_16_UCSFFSL51ALL_08_01_16,1450,2405
ST25TA_UCSFFSL_02_01_16_UCSFFSL51ALL_08_01_16,1450,2405
ST25TS_UCSFFSL_02_01_16_UCSFFSL51ALL_08_01_16,1450,2405
ST26CV_UCSFFSL_02_01_16_UCSFFSL51ALL_08_01_16,1450,2405
ST26SA_UCSFFSL_02_01_16_UCSFFSL51ALL_08_01_16,1450,2405
ST26TA_UCSFFSL_02_01_16_UCSFFSL51ALL_08_01_16,1450,2405
ST26TS_UCSFFSL_02_01_16_UCSFFSL51ALL_08_01_16,1450,2405
ST27SA_UCSFFSL_02_01_16_UCSFFSL51ALL_08_01_16,1478,2405
ST28CV_UCSFFSL_02_01_16_UCSFFSL51ALL_08_01_16,2404,2405
ST29SV_UCSFFSL_02_01_16_UCSFFSL51ALL_08_01_16,1450,2405
ST2SV_UCSFFSL_02_01_16_UCSFFSL51ALL_08_01_16,1450,2405
ST30SV_UCSFFSL_02_01_16_UCSFFSL51ALL_08_01_16,1450,2405
ST31CV_UCSFFSL_02_01_16_UCSFFSL51ALL_08_01_16,1450,2405
ST31SA_UCSFFSL_02_01_16_UCSFFSL51ALL_08_01_16,1450,2405
ST31TA_UCSFFSL_02_01_16_UCSFFSL51ALL_08_01_16,1450,2405
ST31TS_UCSFFSL_02_01_16_UCSFFSL51ALL_08_01_16,1450,2405
ST32CV_UCSFFSL_02_01_16_UCSFFSL51ALL_08_01_16,1450,2405
ST32SA_UCSFFSL_02_01_16_UCSFFSL51ALL_08_01_16,1450,2405
ST32TA_UCSFFSL_02_01_16_UCSFFSL51ALL_08_01_16,1450,2405
ST32TS_UCSFFSL_02_01_16_UCSFFSL51ALL_08_01_16,1450,2405
ST33SV_UCSFFSL_02_01_16_UCSFFSL51ALL_08_01_16,2404,2405
ST34CV_UCSFFSL_02_01_16_UCSFFSL51ALL_08_01_16,1450,2405
ST34SA_UCSFFSL_02_01_16_UCSFFSL51ALL_08_01_16,1450,2405
ST34TA_UCSFFSL_02_01_16_UCSFFSL51ALL_08_01_16,1450,2405
ST34TS_UCSFFSL_02_01_16_UCSFFSL51ALL_08_01_16,1450,2405
ST35CV_UCSFFSL_02_01_16_UCSFFSL51ALL_08_01_16,1450,2405
ST35SA_UCSFFSL_02_01_16_UCSFFSL51ALL_08_01_16,1450,2405
ST35TA_UCSFFSL_02_01_16_UCSFFSL51ALL_08_01_16,1450,2405
ST35TS_UCSFFSL_02_01_16_UCSFFSL51ALL_08_01_16,1450,2405
ST36CV_UCSFFSL_02_01_16_UCSFFSL51ALL_08_01_16,1450,2405
ST36SA_UCSFFSL_02_01_16_UCSFFSL51ALL_08_01_16,1450,2405
ST36TA_UCSFFSL_02_01_16_UCSFFSL51ALL_08_01_16,1450,2405
ST36TS_UCSFFSL_02_01_16_UCSFFSL51ALL_08_01_16,1450,2405
ST37SV_UCSFFSL_02_01_16_UCSFFSL51ALL_08_01_16,1450,2405
ST38CV_UCSFFSL_02_01_16_UCSFFSL51ALL_08_01_16,1450,2405
ST38SA_UCSFFSL_02_01_16_UCSFFSL51ALL_08_01_16,1450,2405
ST38TA_UCSFFSL_02_01_16_UCSFFSL51ALL_08_01_16,1450,2405
ST38TS_UCSFFSL_02_01_16_UCSFFSL51ALL_08_01_16,1450,2405
ST39CV_UCSFFSL_02_01_16_UCSFFSL51ALL_08_01_16,1450,2405
ST39SA_UCSFFSL_02_01_16_UCSFFSL51ALL_08_01_16,1450,2405
ST39TA_UCSFFSL_02_01_16_UCSFFSL51ALL_08_01_16,1450,2405
ST39TS_UCSFFSL_02_01_16_UCSFFSL51ALL_08_01_16,1450,2405
ST3SV_UCSFFSL_02_01_16_UCSFFSL51ALL_08_01_16,1450,2405
ST40CV_UCSFFSL_02_01_16_UCSFFSL51ALL_08_01_16,1450,2405
ST40SA_UCSFFSL_02_01_16_UCSFFSL51ALL_08_01_16,1450,2405
ST40TA_UCSFFSL_02_01_16_UCSFFSL51ALL_08_01_16,1450,2405
ST40TS_UCSFFSL_02_01_16_UCSFFSL51ALL_08_01_16,1450,2405
ST41SV_UCSFFSL_02_01_16_UCSFFSL51ALL_08_01_16,2404,2405
ST42SV_UCSFFSL_02_01_16_UCSFFSL51ALL_08_01_16,1450,2405
ST43CV_UCSFFSL_02_01_16_UCSFFSL51ALL_08_01_16,1450,2405
ST43SA_UCSFFSL_02_01_16_UCSFFSL51ALL_08_01_16,1450,2405
ST43TA_UCSFFSL_02_01_16_UCSFFSL51ALL_08_01_16,1450,2405
ST43TS_UCSFFSL_02_01_16_UCSFFSL51ALL_08_01_16,1450,2405
ST44CV_UCSFFSL_02_01_16_UCSFFSL51ALL_08_01_16,1450,2405
ST44SA_UCSFFSL_02_01_16_UCSFFSL51ALL_08_01_16,1450,2405
ST44TA_UCSFFSL_02_01_16_UCSFFSL51ALL_08_01_16,1450,2405
ST44TS_UCSFFSL_02_01_16_UCSFFSL51ALL_08_01_16,1450,2405
ST45CV_UCSFFSL_02_01_16_UCSFFSL51ALL_08_01_16,1450,2405
ST45SA_UCSFFSL_02_01_16_UCSFFSL51ALL_08_01_16,1450,2405
ST45TA_UCSFFSL_02_01_16_UCSFFSL51ALL_08_01_16,1450,2405
ST45TS_UCSFFSL_02_01_16_UCSFFSL51ALL_08_01_16,1450,2405
ST46CV_UCSFFSL_02_01_16_UCSFFSL51ALL_08_01_16,1450,2405
ST46SA_UCSFFSL_02_01_16_UCSFFSL51ALL_08_01_16,1450,2405
ST46TA_UCSFFSL_02_01_16_UCSFFSL51ALL_08_01_16,1450,2405
ST46TS_UCSFFSL_02_01_16_UCSFFSL51ALL_08_01_16,1450,2405
ST47CV_UCSFFSL_02_01_16_UCSFFSL51ALL_08_01_16,1450,2405
ST47SA_UCSFFSL_02_01_16_UCSFFSL51ALL_08_01_16,1450,2405
ST47TA_UCSFFSL_02_01_16_UCSFFSL51ALL_08_01_16,1450,2405
ST47TS_UCSFFSL_02_01_16_UCSFFSL51ALL_08_01_16,1450,2405
ST48CV_UCSFFSL_02_01_16_UCSFFSL51ALL_08_01_16,1450,2405
ST48SA_UCSFFSL_02_01_16_UCSFFSL51ALL_08_01_16,1450,2405
ST48TA_UCSFFSL_02_01_16_UCSFFSL51ALL_08_01_16,1450,2405
ST48TS_UCSFFSL_02_01_16_UCSFFSL51ALL_08_01_16,1450,2405
ST49CV_UCSFFSL_02_01_16_UCSFFSL51ALL_08_01_16,1450,2405
ST49SA_UCSFFSL_02_01_16_UCSFFSL51ALL_08_01_16,1450,2405
ST49TA_UCSFFSL_02_01_16_UCSFFSL51ALL_08_01_16,1450,2405
ST49TS_UCSFFSL_02_01_16_UCSFFSL51ALL_08_01_16,1450,2405
ST4SV_UCSFFSL_02_01_16_UCSFFSL51ALL_08_01_16,1450,2405
ST50CV_UCSFFSL_02_01_16_UCSFFSL51ALL_08_01_16,1450,2405
ST50SA_UCSFFSL_02_01_16_UCSFFSL51ALL_08_01_16,1450,2405
ST50TA_UCSFFSL_02_01_16_UCSFFSL51ALL_08_01_16,1450,2405
ST50TS_UCSFFSL_02_01_16_UCSFFSL51ALL_08_01_16,1450,2405
ST51CV_UCSFFSL_02_01_16_UCSFFSL51ALL_08_01_16,1450,2405
ST51SA_UCSFFSL_02_01_16_UCSFFSL51ALL_08_01_16,1450,2405
ST51TA_UCSFFSL_02_01_16_UCSFFSL51ALL_08_01_16,1450,2405
ST51TS_UCSFFSL_02_01_16_UCSFFSL51ALL_08_01_16,1450,2405
ST52CV_UCSFFSL_02_01_16_UCSFFSL51ALL_08_01_16,1450,2405
ST52SA_UCSFFSL_02_01_16_UCSFFSL51ALL_08_01_16,1450,2405
ST52TA_UCSFFSL_02_01_16_UCSFFSL51ALL_08_01_16,1450,2405
ST52TS_UCSFFSL_02_01_16_UCSFFSL51ALL_08_01_16,1450,2405
ST53SV_UCSFFSL_02_01_16_UCSFFSL51ALL_08_01_16,1450,2405
ST54CV_UCSFFSL_02_01_16_UCSFFSL51ALL_08_01_16,1450,2405
ST54SA_UCSFFSL_02_01_16_UCSFFSL51ALL_08_01_16,1450,2405
ST54TA_UCSFFSL_02_01_16_UCSFFSL51ALL_08_01_16,1450,2405
ST54TS_UCSFFSL_02_01_16_UCSFFSL51ALL_08_01_16,1450,2405
ST55CV_UCSFFSL_02_01_16_UCSFFSL51ALL_08_01_16,1450,2405
ST55SA_UCSFFSL_02_01_16_UCSFFSL51ALL_08_01_16,1450,2405
ST55TA_UCSFFSL_02_01_16_UCSFFSL51ALL_08_01_16,1450,2405
ST55TS_UCSFFSL_02_01_16_UCSFFSL51ALL_08_01_16,1450,2405
ST56CV_UCSFFSL_02_01_16_UCSFFSL51ALL_08_01_16,1450,2405
ST56SA_UCSFFSL_02_01_16_UCSFFSL51ALL_08_01_16,1450,2405
ST56TA_UCSFFSL_02_01_16_UCSFFSL51ALL_08_01_16,1450,2405
ST56TS_UCSFFSL_02_01_16_UCSFFSL51ALL_08_01_16,1450,2405
ST57CV_UCSFFSL_02_01_16_UCSFFSL51ALL_08_01_16,1450,2405
ST57SA_UCSFFSL_02_01_16_UCSFFSL51ALL_08_01_16,1450,2405
ST57TA_UCSFFSL_02_01_16_UCSFFSL51ALL_08_01_16,1450,2405
ST57TS_UCSFFSL_02_01_16_UCSFFSL51ALL_08_01_16,1450,2405
ST58CV_UCSFFSL_02_01_16_UCSFFSL51ALL_08_01_16,1450,2405
ST58SA_UCSFFSL_02_01_16_UCSFFSL51ALL_08_01_16,1450,2405
ST58TA_UCSFFSL_02_01_16_UCSFFSL51ALL_08_01_16,1450,2405
ST58TS_UCSFFSL_02_01_16_UCSFFSL51ALL_08_01_16,1450,2405
ST59CV_UCSFFSL_02_01_16_UCSFFSL51ALL_08_01_16,1450,2405
ST59SA_UCSFFSL_02_01_16_UCSFFSL51ALL_08_01_16,1450,2405
ST59TA_UCSFFSL_02_01_16_UCSFFSL51ALL_08_01_16,1450,2405
ST59TS_UCSFFSL_02_01_16_UCSFFSL51ALL_08_01_16,1450,2405
ST5SV_UCSFFSL_02_01_16_UCSFFSL51ALL_08_01_16,1450,2405
ST60CV_UCSFFSL_02_01_16_UCSFFSL51ALL_08_01_16,1450,2405
ST60SA_UCSFFSL_02_01_16_UCSFFSL51ALL_08_01_16,1450,2405
ST60TA_UCSFFSL_02_01_16_UCSFFSL51ALL_08_01_16,1450,2405
ST60TS_UCSFFSL_02_01_16_UCSFFSL51ALL_08_01_16,1450,2405
ST61SV_UCSFFSL_02_01_16_UCSFFSL51ALL_08_01_16,1450,2405
ST62CV_UCSFFSL_02_01_16_UCSFFSL51ALL_08_01_16,1450,2405
ST62SA_UCSFFSL_02_01_16_UCSFFSL51ALL_08_01_16,1450,2405
ST62TA_UCSFFSL_02_01_16_UCSFFSL51ALL_08_01_16,1450,2405
ST62TS_UCSFFSL_02_01_16_UCSFFSL51ALL_08_01_16,1450,2405
ST63SV_UCSFFSL_02_01_16_UCSFFSL51ALL_08_01_16,2404,2405
ST64CV_UCSFFSL_02_01_16_UCSFFSL51ALL_08_01_16,1478,2405
ST64SA_UCSFFSL_02_01_16_UCSFFSL51ALL_08_01_16,1478,2405
ST64TA_UCSFFSL_02_01_16_UCSFFSL51ALL_08_01_16,1478,2405
ST64TS_UCSFFSL_02_01_16_UCSFFSL51ALL_08_01_16,1478,2405
ST65SV_UCSFFSL_02_01_16_UCSFFSL51ALL_08_01_16,1450,2405
ST66SV_UCSFFSL_02_01_16_UCSFFSL51ALL_08_01_16,1450,2405
ST67SV_UCSFFSL_02_01_16_UCSFFSL51ALL_08_01_16,2404,2405
ST68SV_UCSFFSL_02_01_16_UCSFFSL51ALL_08_01_16,1450,2405
ST69SV_UCSFFSL_02_01_16_UCSFFSL51ALL_08_01_16,1450,2405
ST6SV_UCSFFSL_02_01_16_UCSFFSL51ALL_08_01_16,1450,2405
ST70SV_UCSFFSL_02_01_16_UCSFFSL51ALL_08_01_16,1450,2405
ST71SV_UCSFFSL_02_01_16_UCSFFSL51ALL_08_01_16,1450,2405
ST72CV_UCSFFSL_02_01_16_UCSFFSL51ALL_08_01_16,1450,2405
ST72SA_UCSFFSL_02_01_16_UCSFFSL51ALL_08_01_16,1450,2405
ST72TA_UCSFFSL_02_01_16_UCSFFSL51ALL_08_01_16,1450,2405
ST72TS_UCSFFSL_02_01_16_UCSFFSL51ALL_08_01_16,1450,2405
ST73CV_UCSFFSL_02_01_16_UCSFFSL51ALL_08_01_16,1450,2405
ST73SA_UCSFFSL_02_01_16_UCSFFSL51ALL_08_01_16,1450,2405
ST73TA_UCSFFSL_02_01_16_UCSFFSL51ALL_08_01_16,1450,2405
ST73TS_UCSFFSL_02_01_16_UCSFFSL51ALL_08_01_16,1450,2405
ST74CV_UCSFFSL_02_01_16_UCSFFSL51ALL_08_01_16,1450,2405
ST74SA_UCSFFSL_02_01_16_UCSFFSL51ALL_08_01_16,1450,2405
ST74TA_UCSFFSL_02_01_16_UCSFFSL51ALL_08_01_16,1450,2405
ST74TS_UCSFFSL_02_01_16_UCSFFSL51ALL_08_01_16,1450,2405
ST75SV_UCSFFSL_02_01_16_UCSFFSL51ALL_08_01_16,1450,2405
ST76SV_UCSFFSL_02_01_16_UCSFFSL51ALL_08_01_16,1450,2405
ST77SV_UCSFFSL_02_01_16_UCSFFSL51ALL_08_01_16,1450,2405
ST78SV_UCSFFSL_02_01_16_UCSFFSL51ALL_08_01_16,1478,2405
ST79SV_UCSFFSL_02_01_16_UCSFFSL51ALL_08_01_16,1478,2405
ST7SV_UCSFFSL_02_01_16_UCSFFSL51ALL_08_01_16,1450,2405
ST80SV_UCSFFSL_02_01_16_UCSFFSL51ALL_08_01_16,1450,2405
ST81CV_UCSFFSL_02_01_16_UCSFFSL51ALL_08_01_16,2404,2405
ST81SA_UCSFFSL_02_01_16_UCSFFSL51ALL_08_01_16,2404,2405
ST81TA_UCSFFSL_02_01_16_UCSFFSL51ALL_08_01_16,2404,2405
ST81TS_UCSFFSL_02_01_16_UCSFFSL51ALL_08_01_16,2404,2405
ST82CV_UCSFFSL_02_01_16_UCSFFSL51ALL_08_01_16,1450,2405
ST82SA_UCSFFSL_02_01_16_UCSFFSL51ALL_08_01_16,1450,2405
ST82TA_UCSFFSL_02_01_16_UCSFFSL51ALL_08_01_16,1450,2405
ST82TS_UCSFFSL_02_01_16_UCSFFSL51ALL_08_01_16,1450,2405
ST83CV_UCSFFSL_02_01_16_UCSFFSL51ALL_08_01_16,1450,2405
ST83SA_UCSFFSL_02_01_16_UCSFFSL51ALL_08_01_16,1450,2405
ST83TA_UCSFFSL_02_01_16_UCSFFSL51ALL_08_01_16,1450,2405
ST83TS_UCSFFSL_02_01_16_UCSFFSL51ALL_08_01_16,1450,2405
ST84CV_UCSFFSL_02_01_16_UCSFFSL51ALL_08_01_16,1450,2405
ST84SA_UCSFFSL_02_01_16_UCSFFSL51ALL_08_01_16,1450,2405
ST84TA_UCSFFSL_02_01_16_UCSFFSL51ALL_08_01_16,1450,2405
ST84TS_UCSFFSL_02_01_16_UCSFFSL51ALL_08_01_16,1450,2405
ST85CV_UCSFFSL_02_01_16_UCSFFSL51ALL_08_01_16,1450,2405
ST85SA_UCSFFSL_02_01_16_UCSFFSL51ALL_08_01_16,1450,2405
ST85TA_UCSFFSL_02_01_16_UCSFFSL51ALL_08_01_16,1450,2405
ST85TS_UCSFFSL_02_01_16_UCSFFSL51ALL_08_01_16,1450,2405
ST86SA_UCSFFSL_02_01_16_UCSFFSL51ALL_08_01_16,1478,2405
ST87CV_UCSFFSL_02_01_16_UCSFFSL51ALL_08_01_16,2404,2405
ST88SV_UCSFFSL_02_01_16_UCSFFSL51ALL_08_01_16,1450,2405
ST89SV_UCSFFSL_02_01_16_UCSFFSL51ALL_08_01_16,1451,2405
ST8SV_UCSFFSL_02_01_16_UCSFFSL51ALL_08_01_16,1869,2405
ST90CV_UCSFFSL_02_01_16_UCSFFSL51ALL_08_01_16,1450,2405
ST90SA_UCSFFSL_02_01_16_UCSFFSL51ALL_08_01_16,1450,2405
ST90TA_UCSFFSL_02_01_16_UCSFFSL51ALL_08_01_16,1450,2405
ST90TS_UCSFFSL_02_01_16_UCSFFSL51ALL_08_01_16,1450,2405
ST91CV_UCSFFSL_02_01_16_UCSFFSL51ALL_08_01_16,1450,2405
ST91SA_UCSFFSL_02_01_16_UCSFFSL51ALL_08_01_16,1450,2405
ST91TA_UCSFFSL_02_01_16_UCSFFSL51ALL_08_01_16,1450,2405
ST91TS_UCSFFSL_02_01_16_UCSFFSL51ALL_08_01_16,1450,2405
ST92SV_UCSFFSL_02_01_16_UCSFFSL51ALL_08_01_16,2404,2405
ST93CV_UCSFFSL_02_01_16_UCSFFSL51ALL_08_01_16,1450,2405
ST93SA_UCSFFSL_02_01_16_UCSFFSL51ALL_08_01_16,1450,2405
ST93TA_UCSFFSL_02_01_16_UCSFFSL51ALL_08_01_16,1450,2405
ST93TS_UCSFFSL_02_01_16_UCSFFSL51ALL_08_01_16,1450,2405
ST94CV_UCSFFSL_02_01_16_UCSFFSL51ALL_08_01_16,1450,2405
ST94SA_UCSFFSL_02_01_16_UCSFFSL51ALL_08_01_16,1450,2405
ST94TA_UCSFFSL_02_01_16_UCSFFSL51ALL_08_01_16,1450,2405
ST94TS_UCSFFSL_02_01_16_UCSFFSL51ALL_08_01_16,1450,2405
ST95CV_UCSFFSL_02_01_16_UCSFFSL51ALL_08_01_16,1450,2405
ST95SA_UCSFFSL_02_01_16_UCSFFSL51ALL_08_01_16,1450,2405
ST95TA_UCSFFSL_02_01_16_UCSFFSL51ALL_08_01_16,1450,2405
ST95TS_UCSFFSL_02_01_16_UCSFFSL51ALL_08_01_16,1450,2405
ST96SV_UCSFFSL_02_01_16_UCSFFSL51ALL_08_01_16,1450,2405
ST97CV_UCSFFSL_02_01_16_UCSFFSL51ALL_08_01_16,1450,2405
ST97SA_UCSFFSL_02_01_16_UCSFFSL51ALL_08_01_16,1450,2405
ST97TA_UCSFFSL_02_01_16_UCSFFSL51ALL_08_01_16,1450,2405
ST97TS_UCSFFSL_02_01_16_UCSFFSL51ALL_08_01_16,1450,2405
ST98CV_UCSFFSL_02_01_16_UCSFFSL51ALL_08_01_16,1450,2405
ST98SA_UCSFFSL_02_01_16_UCSFFSL51ALL_08_01_16,1450,2405
ST98TA_UCSFFSL_02_01_16_UCSFFSL51ALL_08_01_16,1450,2405
ST98TS_UCSFFSL_02_01_16_UCSFFSL51ALL_08_01_16,1450,2405
ST99CV_UCSFFSL_02_01_16_UCSFFSL51ALL_08_01_16,1450,2405
ST99SA_UCSFFSL_02_01_16_UCSFFSL51ALL_08_01_16,1450,2405
ST99TA_UCSFFSL_02_01_16_UCSFFSL51ALL_08_01_16,1450,2405
ST99TS_UCSFFSL_02_01_16_UCSFFSL51ALL_08_01_16,1450,2405
ST9SV_UCSFFSL_02_01_16_UCSFFSL51ALL_08_01_16,1450,2405
update_stamp_UCSFFSL_02_01_16_UCSFFSL51ALL_08_01_16,0,2405
EXAMDATE_BAIPETNMRC_09_12_16,0,2405
VERSION_BAIPETNMRC_09_12_16,1677,2405
LONIUID_BAIPETNMRC_09_12_16,1677,2405
RUNDATE_BAIPETNMRC_09_12_16,0,2405
STATUS_BAIPETNMRC_09_12_16,0,2405
HIPPL01_BAIPETNMRC_09_12_16,2310,2405
FRTSUPL01_BAIPETNMRC_09_12_16,2310,2405
FRTMIDL01_BAIPETNMRC_09_12_16,2310,2405
PARAHIPL01_BAIPETNMRC_09_12_16,2310,2405
FUSFRML01_BAIPETNMRC_09_12_16,2310,2405
OCCMIDL01_BAIPETNMRC_09_12_16,2310,2405
ANGULL01_BAIPETNMRC_09_12_16,2280,2405
PARIINFL01_BAIPETNMRC_09_12_16,2280,2405
SUPMRGL01_BAIPETNMRC_09_12_16,2310,2405
TMPMIDL01_BAIPETNMRC_09_12_16,2310,2405
PRECUNL01_BAIPETNMRC_09_12_16,2280,2405
CINGPSTL01_BAIPETNMRC_09_12_16,2280,2405
PARAHIPR01_BAIPETNMRC_09_12_16,2310,2405
FRTSUPR01_BAIPETNMRC_09_12_16,2310,2405
OCCMIDR01_BAIPETNMRC_09_12_16,2310,2405
FUSFRMR01_BAIPETNMRC_09_12_16,2310,2405
FRTMIDR01_BAIPETNMRC_09_12_16,2310,2405
ANGULR01_BAIPETNMRC_09_12_16,2280,2405
PARIINFR01_BAIPETNMRC_09_12_16,2310,2405
TMPMIDR01_BAIPETNMRC_09_12_16,2310,2405
SUPMRGR01_BAIPETNMRC_09_12_16,2310,2405
PRCUNSR01_BAIPETNMRC_09_12_16,2280,2405
HIPPR01_BAIPETNMRC_09_12_16,2404,2405
LINGUALL01_BAIPETNMRC_09_12_16,2404,2405
LINGUALR01_BAIPETNMRC_09_12_16,2404,2405
CINGPSTR01_BAIPETNMRC_09_12_16,2404,2405
FRTINFL01_BAIPETNMRC_09_12_16,2404,2405
FRTINFR01_BAIPETNMRC_09_12_16,2404,2405
PARISUPL01_BAIPETNMRC_09_12_16,2404,2405
PARISUPR01_BAIPETNMRC_09_12_16,2404,2405
INSULAL01_BAIPETNMRC_09_12_16,2404,2405
INSULAR01_BAIPETNMRC_09_12_16,2404,2405
CINGANTL01_BAIPETNMRC_09_12_16,2404,2405
CINGANTR01_BAIPETNMRC_09_12_16,2404,2405
CINGMIDL01_BAIPETNMRC_09_12_16,2404,2405
CINGMIDR01_BAIPETNMRC_09_12_16,2404,2405
TMPSUPL01_BAIPETNMRC_09_12_16,2404,2405
TMPSUPR01_BAIPETNMRC_09_12_16,2404,2405
TMPINFL01_BAIPETNMRC_09_12_16,2404,2405
TMPINFR01_BAIPETNMRC_09_12_16,2280,2405
FRTSUPL02_BAIPETNMRC_09_12_16,2310,2405
FRTMIDL02_BAIPETNMRC_09_12_16,2310,2405
CINGPSTL02_BAIPETNMRC_09_12_16,2280,2405
CINGMIDL02_BAIPETNMRC_09_12_16,2310,2405
FRTSMEDL02_BAIPETNMRC_09_12_16,2310,2405
FUSFRML02_BAIPETNMRC_09_12_16,2310,2405
TMPMIDL02_BAIPETNMRC_09_12_16,2310,2405
OCCMIDL02_BAIPETNMRC_09_12_16,2310,2405
TMPINFL02_BAIPETNMRC_09_12_16,2280,2405
PRECUNL02_BAIPETNMRC_09_12_16,2310,2405
CINGANTL02_BAIPETNMRC_09_12_16,2310,2405
FRTMIDOR02_BAIPETNMRC_09_12_16,2310,2405
FRTMIDR02_BAIPETNMRC_09_12_16,2310,2405
FRTSUPR02_BAIPETNMRC_09_12_16,2310,2405
ANGULR02_BAIPETNMRC_09_12_16,2310,2405
ANGULL02_BAIPETNMRC_09_12_16,2280,2405
PARIINFR02_BAIPETNMRC_09_12_16,2280,2405
TMPMIDR02_BAIPETNMRC_09_12_16,2310,2405
INSULAR02_BAIPETNMRC_09_12_16,2310,2405
TMPPOSR02_BAIPETNMRC_09_12_16,2310,2405
CINGANTR02_BAIPETNMRC_09_12_16,2310,2405
CINGMIDR02_BAIPETNMRC_09_12_16,2310,2405
PRECUNR02_BAIPETNMRC_09_12_16,2280,2405
RECTUSR02_BAIPETNMRC_09_12_16,2310,2405
CINGPSTR02_BAIPETNMRC_09_12_16,2404,2405
PARIINFL02_BAIPETNMRC_09_12_16,2404,2405
INSULAL02_BAIPETNMRC_09_12_16,2404,2405
FRTINFL02_BAIPETNMRC_09_12_16,2404,2405
FRTINFR02_BAIPETNMRC_09_12_16,2404,2405
OCCMIDR02_BAIPETNMRC_09_12_16,2404,2405
FRTMIDOL02_BAIPETNMRC_09_12_16,2404,2405
FRTSMEDR02_BAIPETNMRC_09_12_16,2404,2405
FUSFMR02_BAIPETNMRC_09_12_16,2404,2405
RECTUSL02_BAIPETNMRC_09_12_16,2404,2405
TMPPOSL02_BAIPETNMRC_09_12_16,2404,2405
PARISUPL02_BAIPETNMRC_09_12_16,2404,2405
PARISUPR02_BAIPETNMRC_09_12_16,2404,2405
SUPMRGL02_BAIPETNMRC_09_12_16,2404,2405
SUPMRGR02_BAIPETNMRC_09_12_16,2404,2405
TMPINFR02_BAIPETNMRC_09_12_16,2404,2405
FRTMIDL03_BAIPETNMRC_09_12_16,2404,2405
FRTMIDR03_BAIPETNMRC_09_12_16,2404,2405
FRTSUPL03_BAIPETNMRC_09_12_16,2404,2405
FRTSUPR03_BAIPETNMRC_09_12_16,2404,2405
FRTSMEDL03_BAIPETNMRC_09_12_16,2404,2405
FRTSMEDR03_BAIPETNMRC_09_12_16,2404,2405
TMPSUPL03_BAIPETNMRC_09_12_16,2404,2405
TMPSUPR03_BAIPETNMRC_09_12_16,2366,2405
TMPMIDL03_BAIPETNMRC_09_12_16,2378,2405
TMPMIDR03_BAIPETNMRC_09_12_16,2378,2405
TMPINFL03_BAIPETNMRC_09_12_16,2378,2405
TMPINFR03_BAIPETNMRC_09_12_16,2378,2405
FUSFRML03_BAIPETNMRC_09_12_16,2404,2405
FUSFRMR03_BAIPETNMRC_09_12_16,2404,2405
LINGUALL03_BAIPETNMRC_09_12_16,2404,2405
LINGUALR03_BAIPETNMRC_09_12_16,2404,2405
PARAHIPL03_BAIPETNMRC_09_12_16,2404,2405
PARAHIPR03_BAIPETNMRC_09_12_16,2404,2405
PARISUPL03_BAIPETNMRC_09_12_16,2404,2405
PARISUPR03_BAIPETNMRC_09_12_16,2404,2405
PARIINFL03_BAIPETNMRC_09_12_16,2378,2405
PARIINFR03_BAIPETNMRC_09_12_16,2378,2405
PRECUNL03_BAIPETNMRC_09_12_16,2366,2405
PRECUNR03_BAIPETNMRC_09_12_16,2378,2405
CINGANT03_BAIPETNMRC_09_12_16,2378,2405
CINGMID03_BAIPETNMRC_09_12_16,2378,2405
CINGPST03_BAIPETNMRC_09_12_16,2366,2405
ANGULR03_BAIPETNMRC_09_12_16,2366,2405
OCCMIDL03_BAIPETNMRC_09_12_16,2404,2405
OCCMIDR03_BAIPETNMRC_09_12_16,2404,2405
OCCSUPL03_BAIPETNMRC_09_12_16,2404,2405
OCCSUPR03_BAIPETNMRC_09_12_16,2404,2405
OCCINFL03_BAIPETNMRC_09_12_16,2404,2405
OCCINFR03_BAIPETNMRC_09_12_16,2404,2405
THALAML03_BAIPETNMRC_09_12_16,2404,2405
THALAMR03_BAIPETNMRC_09_12_16,2404,2405
FRTMEDL03_BAIPETNMRC_09_12_16,2404,2405
FRTMEDR03_BAIPETNMRC_09_12_16,2404,2405
SUPMRGL03_BAIPETNMRC_09_12_16,2366,2405
SUPMRGR03_BAIPETNMRC_09_12_16,2404,2405
FRTMIDL04_BAIPETNMRC_09_12_16,2404,2405
FRTMIDR04_BAIPETNMRC_09_12_16,2404,2405
FRTSUPL04_BAIPETNMRC_09_12_16,2404,2405
FRTSUPR04_BAIPETNMRC_09_12_16,2404,2405
FRTSMEDL04_BAIPETNMRC_09_12_16,2404,2405
FRTSMEDR04_BAIPETNMRC_09_12_16,2404,2405
TMPSUPL04_BAIPETNMRC_09_12_16,2404,2405
TMPSUPR04_BAIPETNMRC_09_12_16,2288,2405
TMPMIDL04_BAIPETNMRC_09_12_16,2288,2405
TMPMIDR04_BAIPETNMRC_09_12_16,2236,2405
TMPINFL04_BAIPETNMRC_09_12_16,2288,2405
TMPINFR04_BAIPETNMRC_09_12_16,2236,2405
FUSFRML04_BAIPETNMRC_09_12_16,2404,2405
FUSFRMR04_BAIPETNMRC_09_12_16,2404,2405
LINGUALL04_BAIPETNMRC_09_12_16,2404,2405
LINGUALR04_BAIPETNMRC_09_12_16,2404,2405
PARAHIPL04_BAIPETNMRC_09_12_16,2404,2405
PARAHIPR04_BAIPETNMRC_09_12_16,2404,2405
PARISUPL04_BAIPETNMRC_09_12_16,2404,2405
PARISUPR04_BAIPETNMRC_09_12_16,2404,2405
PARIINFL04_BAIPETNMRC_09_12_16,2404,2405
PARIINFR04_BAIPETNMRC_09_12_16,2404,2405
PRECUNL04_BAIPETNMRC_09_12_16,2404,2405
PRECUNR04_BAIPETNMRC_09_12_16,2404,2405
CINGANT04_BAIPETNMRC_09_12_16,2404,2405
CINGMID04_BAIPETNMRC_09_12_16,2404,2405
CINGPST04_BAIPETNMRC_09_12_16,2288,2405
OCCMIDL04_BAIPETNMRC_09_12_16,2404,2405
OCCMIDR04_BAIPETNMRC_09_12_16,2236,2405
OCCSUPL04_BAIPETNMRC_09_12_16,2404,2405
OCCSUPR04_BAIPETNMRC_09_12_16,2404,2405
OCCINFL04_BAIPETNMRC_09_12_16,2404,2405
OCCINFR04_BAIPETNMRC_09_12_16,2404,2405
THALAML04_BAIPETNMRC_09_12_16,2404,2405
THALAMR04_BAIPETNMRC_09_12_16,2404,2405
FRTMEDL04_BAIPETNMRC_09_12_16,2404,2405
FRTMEDR04_BAIPETNMRC_09_12_16,2404,2405
SUPMRGL04_BAIPETNMRC_09_12_16,2236,2405
SUPMRGR04_BAIPETNMRC_09_12_16,2404,2405
ANGULL04_BAIPETNMRC_09_12_16,2404,2405
ANGULR04_BAIPETNMRC_09_12_16,2288,2405
FRTMIDL05_BAIPETNMRC_09_12_16,2404,2405
FRTMIDR05_BAIPETNMRC_09_12_16,2404,2405
FRTSUPL05_BAIPETNMRC_09_12_16,2404,2405
FRTSUPR05_BAIPETNMRC_09_12_16,2404,2405
FRTSMEDL05_BAIPETNMRC_09_12_16,2404,2405
FRTSMEDR05_BAIPETNMRC_09_12_16,2404,2405
TMPSUPL05_BAIPETNMRC_09_12_16,2404,2405
TMPSUPR05_BAIPETNMRC_09_12_16,2328,2405
TMPMIDL05_BAIPETNMRC_09_12_16,2328,2405
TMPMIDR05_BAIPETNMRC_09_12_16,2300,2405
TMPINFL05_BAIPETNMRC_09_12_16,2404,2405
TMPINFR05_BAIPETNMRC_09_12_16,2328,2405
FUSFRML05_BAIPETNMRC_09_12_16,2404,2405
FUSFRMR05_BAIPETNMRC_09_12_16,2404,2405
PARAHIPL05_BAIPETNMRC_09_12_16,2404,2405
PARAHIPR05_BAIPETNMRC_09_12_16,2404,2405
PARISUPL05_BAIPETNMRC_09_12_16,2404,2405
PARISUPR05_BAIPETNMRC_09_12_16,2404,2405
PARIINFL05_BAIPETNMRC_09_12_16,2328,2405
PARIINFR05_BAIPETNMRC_09_12_16,2300,2405
PRECUNL05_BAIPETNMRC_09_12_16,2404,2405
PRECUNR05_BAIPETNMRC_09_12_16,2300,2405
CINGANT05_BAIPETNMRC_09_12_16,2404,2405
CINGMID05_BAIPETNMRC_09_12_16,2404,2405
CINGPST05_BAIPETNMRC_09_12_16,2300,2405
OCCMIDL05_BAIPETNMRC_09_12_16,2404,2405
OCCMIDR05_BAIPETNMRC_09_12_16,2404,2405
OCCSUPL05_BAIPETNMRC_09_12_16,2404,2405
OCCSUPR05_BAIPETNMRC_09_12_16,2404,2405
OCCINFL05_BAIPETNMRC_09_12_16,2404,2405
OCCINFR05_BAIPETNMRC_09_12_16,2404,2405
THALAML05_BAIPETNMRC_09_12_16,2404,2405
THALAMR05_BAIPETNMRC_09_12_16,2404,2405
FRTMEDL05_BAIPETNMRC_09_12_16,2404,2405
FRTMEDR05_BAIPETNMRC_09_12_16,2404,2405
ANGULR05_BAIPETNMRC_09_12_16,2300,2405
ANGULL05_BAIPETNMRC_09_12_16,2404,2405
CALCARL05_BAIPETNMRC_09_12_16,2328,2405
CALCARR05_BAIPETNMRC_09_12_16,2404,2405
LINGUALL05_BAIPETNMRC_09_12_16,2328,2405
LINGUALR05_BAIPETNMRC_09_12_16,2404,2405
CEREB8L05_BAIPETNMRC_09_12_16,2328,2405
CEREB8R05_BAIPETNMRC_09_12_16,2404,2405
CERBCR2L05_BAIPETNMRC_09_12_16,2328,2405
CERBCR2R05_BAIPETNMRC_09_12_16,2404,2405
SUPMRGL05_BAIPETNMRC_09_12_16,2328,2405
SUPMRGR05_BAIPETNMRC_09_12_16,2404,2405
FRTMIDL06_BAIPETNMRC_09_12_16,2404,2405
FRTMIDR06_BAIPETNMRC_09_12_16,2404,2405
FRTSUPL06_BAIPETNMRC_09_12_16,2404,2405
FRTSUPR06_BAIPETNMRC_09_12_16,2404,2405
FRTSMEDL06_BAIPETNMRC_09_12_16,2404,2405
FRTSMEDR06_BAIPETNMRC_09_12_16,2404,2405
TMPSUPL06_BAIPETNMRC_09_12_16,2404,2405
TMPSUPR06_BAIPETNMRC_09_12_16,2222,2405
TMPMIDL06_BAIPETNMRC_09_12_16,2236,2405
TMPMIDR06_BAIPETNMRC_09_12_16,2222,2405
TMPINFL06_BAIPETNMRC_09_12_16,2236,2405
TMPINFR06_BAIPETNMRC_09_12_16,2222,2405
FUSFRML06_BAIPETNMRC_09_12_16,2222,2405
FUSFRMR06_BAIPETNMRC_09_12_16,2236,2405
LINGUALL06_BAIPETNMRC_09_12_16,2404,2405
LINGUALR06_BAIPETNMRC_09_12_16,2404,2405
PARAHIPL06_BAIPETNMRC_09_12_16,2404,2405
PARAHIPR06_BAIPETNMRC_09_12_16,2404,2405
PARISUPL06_BAIPETNMRC_09_12_16,2404,2405
PARISUPR06_BAIPETNMRC_09_12_16,2404,2405
PARIINFL06_BAIPETNMRC_09_12_16,2404,2405
PARIINFR06_BAIPETNMRC_09_12_16,2404,2405
PRECUNL06_BAIPETNMRC_09_12_16,2404,2405
PRECUNR06_BAIPETNMRC_09_12_16,2404,2405
CINGANT06_BAIPETNMRC_09_12_16,2404,2405
CINGMID06_BAIPETNMRC_09_12_16,2404,2405
CINGPST06_BAIPETNMRC_09_12_16,2404,2405
OCCMIDL06_BAIPETNMRC_09_12_16,2404,2405
OCCMIDR06_BAIPETNMRC_09_12_16,2236,2405
OCCSUPL06_BAIPETNMRC_09_12_16,2404,2405
OCCSUPR06_BAIPETNMRC_09_12_16,2404,2405
OCCINFL06_BAIPETNMRC_09_12_16,2404,2405
OCCINFR06_BAIPETNMRC_09_12_16,2404,2405
THALAML06_BAIPETNMRC_09_12_16,2404,2405
THALAMR06_BAIPETNMRC_09_12_16,2404,2405
FRTMEDL06_BAIPETNMRC_09_12_16,2404,2405
FRTMEDR06_BAIPETNMRC_09_12_16,2404,2405
HIPPL06_BAIPETNMRC_09_12_16,2404,2405
HIPPR06_BAIPETNMRC_09_12_16,2222,2405
INDGLBNDX_BAIPETNMRC_09_12_16,2404,2405
INDTEPNDX_BAIPETNMRC_09_12_16,2404,2405
PRECUNL07_BAIPETNMRC_09_12_16,2368,2405
CINGPST07_BAIPETNMRC_09_12_16,2368,2405
PARIINFR07_BAIPETNMRC_09_12_16,2368,2405
TMPMIDL07_BAIPETNMRC_09_12_16,2368,2405
CUNEUSL08_BAIPETNMRC_09_12_16,2368,2405
TMPMIDR08_BAIPETNMRC_09_12_16,2368,2405
TMPINFL09_BAIPETNMRC_09_12_16,2308,2405
CINGPST09_BAIPETNMRC_09_12_16,2308,2405
PRECUNL09_BAIPETNMRC_09_12_16,2308,2405
PARIINFR09_BAIPETNMRC_09_12_16,2308,2405
TMPINFL10_BAIPETNMRC_09_12_16,2308,2405
PRECUNL10_BAIPETNMRC_09_12_16,2308,2405
TMPINFL11_BAIPETNMRC_09_12_16,2324,2405
OCCMIDL11_BAIPETNMRC_09_12_16,2324,2405
CINGPST11_BAIPETNMRC_09_12_16,2324,2405
CINGMID11_BAIPETNMRC_09_12_16,2324,2405
TMPPOSR12_BAIPETNMRC_09_12_16,2380,2405
CINGPSTR12_BAIPETNMRC_09_12_16,2380,2405
FROITRN001_BAIPETNMRC_09_12_16,2322,2405
FROITRN002_BAIPETNMRC_09_12_16,2342,2405
FROITST001_BAIPETNMRC_09_12_16,2300,2405
FROITST002_BAIPETNMRC_09_12_16,2330,2405
FROIWHL001_BAIPETNMRC_09_12_16,2218,2405
FROIWHL002_BAIPETNMRC_09_12_16,2268,2405
FRPMSK001_BAIPETNMRC_09_12_16,2191,2405
FRPMSK002_BAIPETNMRC_09_12_16,2119,2405
FRTMSK003_BAIPETNMRC_09_12_16,2191,2405
FRTMSK004_BAIPETNMRC_09_12_16,2119,2405
FRTMSK005_BAIPETNMRC_09_12_16,2332,2405
FRTMSK006_BAIPETNMRC_09_12_16,2246,2405
FRTMSK007_BAIPETNMRC_09_12_16,2310,2405
FRTMSK008_BAIPETNMRC_09_12_16,2336,2405
FRTMSK009_BAIPETNMRC_09_12_16,2208,2405
FRTMSK010_BAIPETNMRC_09_12_16,2260,2405
FRTMSK011_BAIPETNMRC_09_12_16,2320,2405
HCISUB1_BAIPETNMRC_09_12_16,2386,2405
HCI99_BAIPETNMRC_09_12_16,2343,2405
HCI_BAIPETNMRC_09_12_16,1775,2405
NL1HIPP_BAIPETNMRC_09_12_16,2370,2405
NL1PTEMP_BAIPETNMRC_09_12_16,2370,2405
NL1PSTCG_BAIPETNMRC_09_12_16,2370,2405
NL2PSTCG_BAIPETNMRC_09_12_16,2320,2405
NL2PARI_BAIPETNMRC_09_12_16,2362,2405
NL3FRONT_BAIPETNMRC_09_12_16,2342,2405
DECLADFR_BAIPETNMRC_09_12_16,2386,2405
DECLADTMP_BAIPETNMRC_09_12_16,2386,2405
LONGHCI_BAIPETNMRC_09_12_16,2404,2405
BSLVBM_BAIPETNMRC_09_12_16,2404,2405
ACI_BAIPETNMRC_09_12_16,2361,2405
MCSUVR_BAIPETNMRC_09_12_16,2400,2405
FNMPREC_BAIPETNMRC_09_12_16,2379,2405
FNAPREC_BAIPETNMRC_09_12_16,2380,2405
FNAPC_BAIPETNMRC_09_12_16,2380,2405
FEAPREC_BAIPETNMRC_09_12_16,2398,2405
FMAPREC_BAIPETNMRC_09_12_16,2391,2405
FMAPC_BAIPETNMRC_09_12_16,2391,2405
AVNEFRONT_BAIPETNMRC_09_12_16,2400,2405
AVNMFRONT_BAIPETNMRC_09_12_16,2396,2405
AVNAFRONT_BAIPETNMRC_09_12_16,2397,2405
AVEMTEMP_BAIPETNMRC_09_12_16,2400,2405
AVEATEMP_BAIPETNMRC_09_12_16,2401,2405
AVMAOCCIP_BAIPETNMRC_09_12_16,2397,2405
FEAPC2_BAIPETNMRC_09_12_16,2396,2405
FEMPC2_BAIPETNMRC_09_12_16,2396,2405
FMAPREC2_BAIPETNMRC_09_12_16,2388,2405
FNAPARI2_BAIPETNMRC_09_12_16,2376,2405
FNEHC2_BAIPETNMRC_09_12_16,2384,2405
FNMTEMP2_BAIPETNMRC_09_12_16,2376,2405
AVEATEMP2_BAIPETNMRC_09_12_16,2399,2405
AVEMTEMP2_BAIPETNMRC_09_12_16,2398,2405
AVMAFRNT2_BAIPETNMRC_09_12_16,2393,2405
AVNATEMP2_BAIPETNMRC_09_12_16,2390,2405
AVNEFRNT2_BAIPETNMRC_09_12_16,2395,2405
AVNMPREC2_BAIPETNMRC_09_12_16,2383,2405
MMPLS_BAIPETNMRC_09_12_16,2388,2405
ICA_BAIPETNMRC_09_12_16,2376,2405
PCA2_BAIPETNMRC_09_12_16,2384,2405
PLSFDG01_BAIPETNMRC_09_12_16,2335,2405
HCI001_BAIPETNMRC_09_12_16,2335,2405
MCSUVRWM_BAIPETNMRC_09_12_16,2376,2405
MCSUVRWM2_BAIPETNMRC_09_12_16,2371,2405
HCI_2014_BAIPETNMRC_09_12_16,1768,2405
SROI_BAIPETNMRC_09_12_16,1768,2405
MCSUVRWM3_BAIPETNMRC_09_12_16,2314,2405
MCSUVRCERE_BAIPETNMRC_09_12_16,2314,2405
update_stamp_BAIPETNMRC_09_12_16,0,2405
EXAMDATE_UCBERKELEYAV45_10_17_16,0,2405
CEREBELLUMGREYMATTER_UCBERKELEYAV45_10_17_16,2255,2405
WHOLECEREBELLUM_UCBERKELEYAV45_10_17_16,2255,2405
ERODED_SUBCORTICALWM_UCBERKELEYAV45_10_17_16,2255,2405
COMPOSIT_REF_UCBERKELEYAV45_10_17_16,2255,2405
FRONTAL_UCBERKELEYAV45_10_17_16,2255,2405
CINGULATE_UCBERKELEYAV45_10_17_16,2255,2405
PARIETAL_UCBERKELEYAV45_10_17_16,2255,2405
TEMPORAL_UCBERKELEYAV45_10_17_16,2255,2405
SUMMARYSUVR_WHOLECEREBNORM_UCBERKELEYAV45_10_17_16,2255,2405
SUMMARYSUVR_WHOLECEREBNORM_1.11CUTOFF_UCBERKELEYAV45_10_17_16,2255,2405
SUMMARYSUVR_COMPOSITE_REFNORM_UCBERKELEYAV45_10_17_16,2255,2405
SUMMARYSUVR_COMPOSITE_REFNORM_0.79CUTOFF_UCBERKELEYAV45_10_17_16,2255,2405
BRAINSTEM_UCBERKELEYAV45_10_17_16,2255,2405
BRAINSTEM_SIZE_UCBERKELEYAV45_10_17_16,2255,2405
VENTRICLE_3RD_UCBERKELEYAV45_10_17_16,2255,2405
VENTRICLE_3RD_SIZE_UCBERKELEYAV45_10_17_16,2255,2405
VENTRICLE_4TH_UCBERKELEYAV45_10_17_16,2255,2405
VENTRICLE_4TH_SIZE_UCBERKELEYAV45_10_17_16,2255,2405
VENTRICLE_5TH_UCBERKELEYAV45_10_17_16,2378,2405
VENTRICLE_5TH_SIZE_UCBERKELEYAV45_10_17_16,2378,2405
CC_ANTERIOR_UCBERKELEYAV45_10_17_16,2255,2405
CC_ANTERIOR_SIZE_UCBERKELEYAV45_10_17_16,2255,2405
CC_CENTRAL_UCBERKELEYAV45_10_17_16,2255,2405
CC_CENTRAL_SIZE_UCBERKELEYAV45_10_17_16,2255,2405
CC_MID_ANTERIOR_UCBERKELEYAV45_10_17_16,2255,2405
CC_MID_ANTERIOR_SIZE_UCBERKELEYAV45_10_17_16,2255,2405
CC_MID_POSTERIOR_UCBERKELEYAV45_10_17_16,2255,2405
CC_MID_POSTERIOR_SIZE_UCBERKELEYAV45_10_17_16,2255,2405
CC_POSTERIOR_UCBERKELEYAV45_10_17_16,2255,2405
CC_POSTERIOR_SIZE_UCBERKELEYAV45_10_17_16,2255,2405
CSF_UCBERKELEYAV45_10_17_16,2255,2405
CSF_SIZE_UCBERKELEYAV45_10_17_16,2255,2405
CTX_LH_BANKSSTS_UCBERKELEYAV45_10_17_16,2255,2405
CTX_LH_BANKSSTS_SIZE_UCBERKELEYAV45_10_17_16,2255,2405
CTX_LH_CAUDALANTERIORCINGULATE_UCBERKELEYAV45_10_17_16,2255,2405
CTX_LH_CAUDALANTERIORCINGULATE_SIZE_UCBERKELEYAV45_10_17_16,2255,2405
CTX_LH_CAUDALMIDDLEFRONTAL_UCBERKELEYAV45_10_17_16,2255,2405
CTX_LH_CAUDALMIDDLEFRONTAL_SIZE_UCBERKELEYAV45_10_17_16,2255,2405
CTX_LH_CUNEUS_UCBERKELEYAV45_10_17_16,2255,2405
CTX_LH_CUNEUS_SIZE_UCBERKELEYAV45_10_17_16,2255,2405
CTX_LH_ENTORHINAL_UCBERKELEYAV45_10_17_16,2255,2405
CTX_LH_ENTORHINAL_SIZE_UCBERKELEYAV45_10_17_16,2255,2405
CTX_LH_FRONTALPOLE_UCBERKELEYAV45_10_17_16,2255,2405
CTX_LH_FRONTALPOLE_SIZE_UCBERKELEYAV45_10_17_16,2255,2405
CTX_LH_FUSIFORM_UCBERKELEYAV45_10_17_16,2255,2405
CTX_LH_FUSIFORM_SIZE_UCBERKELEYAV45_10_17_16,2255,2405
CTX_LH_INFERIORPARIETAL_UCBERKELEYAV45_10_17_16,2255,2405
CTX_LH_INFERIORPARIETAL_SIZE_UCBERKELEYAV45_10_17_16,2255,2405
CTX_LH_INFERIORTEMPORAL_UCBERKELEYAV45_10_17_16,2255,2405
CTX_LH_INFERIORTEMPORAL_SIZE_UCBERKELEYAV45_10_17_16,2255,2405
CTX_LH_INSULA_UCBERKELEYAV45_10_17_16,2255,2405
CTX_LH_INSULA_SIZE_UCBERKELEYAV45_10_17_16,2255,2405
CTX_LH_ISTHMUSCINGULATE_UCBERKELEYAV45_10_17_16,2255,2405
CTX_LH_ISTHMUSCINGULATE_SIZE_UCBERKELEYAV45_10_17_16,2255,2405
CTX_LH_LATERALOCCIPITAL_UCBERKELEYAV45_10_17_16,2255,2405
CTX_LH_LATERALOCCIPITAL_SIZE_UCBERKELEYAV45_10_17_16,2255,2405
CTX_LH_LATERALORBITOFRONTAL_UCBERKELEYAV45_10_17_16,2255,2405
CTX_LH_LATERALORBITOFRONTAL_SIZE_UCBERKELEYAV45_10_17_16,2255,2405
CTX_LH_LINGUAL_UCBERKELEYAV45_10_17_16,2255,2405
CTX_LH_LINGUAL_SIZE_UCBERKELEYAV45_10_17_16,2255,2405
CTX_LH_MEDIALORBITOFRONTAL_UCBERKELEYAV45_10_17_16,2255,2405
CTX_LH_MEDIALORBITOFRONTAL_SIZE_UCBERKELEYAV45_10_17_16,2255,2405
CTX_LH_MIDDLETEMPORAL_UCBERKELEYAV45_10_17_16,2255,2405
CTX_LH_MIDDLETEMPORAL_SIZE_UCBERKELEYAV45_10_17_16,2255,2405
CTX_LH_PARACENTRAL_UCBERKELEYAV45_10_17_16,2255,2405
CTX_LH_PARACENTRAL_SIZE_UCBERKELEYAV45_10_17_16,2255,2405
CTX_LH_PARAHIPPOCAMPAL_UCBERKELEYAV45_10_17_16,2255,2405
CTX_LH_PARAHIPPOCAMPAL_SIZE_UCBERKELEYAV45_10_17_16,2255,2405
CTX_LH_PARSOPERCULARIS_UCBERKELEYAV45_10_17_16,2255,2405
CTX_LH_PARSOPERCULARIS_SIZE_UCBERKELEYAV45_10_17_16,2255,2405
CTX_LH_PARSORBITALIS_UCBERKELEYAV45_10_17_16,2255,2405
CTX_LH_PARSORBITALIS_SIZE_UCBERKELEYAV45_10_17_16,2255,2405
CTX_LH_PARSTRIANGULARIS_UCBERKELEYAV45_10_17_16,2255,2405
CTX_LH_PARSTRIANGULARIS_SIZE_UCBERKELEYAV45_10_17_16,2255,2405
CTX_LH_PERICALCARINE_UCBERKELEYAV45_10_17_16,2255,2405
CTX_LH_PERICALCARINE_SIZE_UCBERKELEYAV45_10_17_16,2255,2405
CTX_LH_POSTCENTRAL_UCBERKELEYAV45_10_17_16,2255,2405
CTX_LH_POSTCENTRAL_SIZE_UCBERKELEYAV45_10_17_16,2255,2405
CTX_LH_POSTERIORCINGULATE_UCBERKELEYAV45_10_17_16,2255,2405
CTX_LH_POSTERIORCINGULATE_SIZE_UCBERKELEYAV45_10_17_16,2255,2405
CTX_LH_PRECENTRAL_UCBERKELEYAV45_10_17_16,2255,2405
CTX_LH_PRECENTRAL_SIZE_UCBERKELEYAV45_10_17_16,2255,2405
CTX_LH_PRECUNEUS_UCBERKELEYAV45_10_17_16,2255,2405
CTX_LH_PRECUNEUS_SIZE_UCBERKELEYAV45_10_17_16,2255,2405
CTX_LH_ROSTRALANTERIORCINGULATE_UCBERKELEYAV45_10_17_16,2255,2405
CTX_LH_ROSTRALANTERIORCINGULATE_SIZE_UCBERKELEYAV45_10_17_16,2255,2405
CTX_LH_ROSTRALMIDDLEFRONTAL_UCBERKELEYAV45_10_17_16,2255,2405
CTX_LH_ROSTRALMIDDLEFRONTAL_SIZE_UCBERKELEYAV45_10_17_16,2255,2405
CTX_LH_SUPERIORFRONTAL_UCBERKELEYAV45_10_17_16,2255,2405
CTX_LH_SUPERIORFRONTAL_SIZE_UCBERKELEYAV45_10_17_16,2255,2405
CTX_LH_SUPERIORPARIETAL_UCBERKELEYAV45_10_17_16,2255,2405
CTX_LH_SUPERIORPARIETAL_SIZE_UCBERKELEYAV45_10_17_16,2255,2405
CTX_LH_SUPERIORTEMPORAL_UCBERKELEYAV45_10_17_16,2255,2405
CTX_LH_SUPERIORTEMPORAL_SIZE_UCBERKELEYAV45_10_17_16,2255,2405
CTX_LH_SUPRAMARGINAL_UCBERKELEYAV45_10_17_16,2255,2405
CTX_LH_SUPRAMARGINAL_SIZE_UCBERKELEYAV45_10_17_16,2255,2405
CTX_LH_TEMPORALPOLE_UCBERKELEYAV45_10_17_16,2255,2405
CTX_LH_TEMPORALPOLE_SIZE_UCBERKELEYAV45_10_17_16,2255,2405
CTX_LH_TRANSVERSETEMPORAL_UCBERKELEYAV45_10_17_16,2255,2405
CTX_LH_TRANSVERSETEMPORAL_SIZE_UCBERKELEYAV45_10_17_16,2255,2405
CTX_LH_UNKNOWN_UCBERKELEYAV45_10_17_16,2255,2405
CTX_LH_UNKNOWN_SIZE_UCBERKELEYAV45_10_17_16,2255,2405
CTX_RH_BANKSSTS_UCBERKELEYAV45_10_17_16,2255,2405
CTX_RH_BANKSSTS_SIZE_UCBERKELEYAV45_10_17_16,2255,2405
CTX_RH_CAUDALANTERIORCINGULATE_UCBERKELEYAV45_10_17_16,2255,2405
CTX_RH_CAUDALANTERIORCINGULATE_SIZE_UCBERKELEYAV45_10_17_16,2255,2405
CTX_RH_CAUDALMIDDLEFRONTAL_UCBERKELEYAV45_10_17_16,2255,2405
CTX_RH_CAUDALMIDDLEFRONTAL_SIZE_UCBERKELEYAV45_10_17_16,2255,2405
CTX_RH_CUNEUS_UCBERKELEYAV45_10_17_16,2255,2405
CTX_RH_CUNEUS_SIZE_UCBERKELEYAV45_10_17_16,2255,2405
CTX_RH_ENTORHINAL_UCBERKELEYAV45_10_17_16,2255,2405
CTX_RH_ENTORHINAL_SIZE_UCBERKELEYAV45_10_17_16,2255,2405
CTX_RH_FRONTALPOLE_UCBERKELEYAV45_10_17_16,2255,2405
CTX_RH_FRONTALPOLE_SIZE_UCBERKELEYAV45_10_17_16,2255,2405
CTX_RH_FUSIFORM_UCBERKELEYAV45_10_17_16,2255,2405
CTX_RH_FUSIFORM_SIZE_UCBERKELEYAV45_10_17_16,2255,2405
CTX_RH_INFERIORPARIETAL_UCBERKELEYAV45_10_17_16,2255,2405
CTX_RH_INFERIORPARIETAL_SIZE_UCBERKELEYAV45_10_17_16,2255,2405
CTX_RH_INFERIORTEMPORAL_UCBERKELEYAV45_10_17_16,2255,2405
CTX_RH_INFERIORTEMPORAL_SIZE_UCBERKELEYAV45_10_17_16,2255,2405
CTX_RH_INSULA_UCBERKELEYAV45_10_17_16,2255,2405
CTX_RH_INSULA_SIZE_UCBERKELEYAV45_10_17_16,2255,2405
CTX_RH_ISTHMUSCINGULATE_UCBERKELEYAV45_10_17_16,2255,2405
CTX_RH_ISTHMUSCINGULATE_SIZE_UCBERKELEYAV45_10_17_16,2255,2405
CTX_RH_LATERALOCCIPITAL_UCBERKELEYAV45_10_17_16,2255,2405
CTX_RH_LATERALOCCIPITAL_SIZE_UCBERKELEYAV45_10_17_16,2255,2405
CTX_RH_LATERALORBITOFRONTAL_UCBERKELEYAV45_10_17_16,2255,2405
CTX_RH_LATERALORBITOFRONTAL_SIZE_UCBERKELEYAV45_10_17_16,2255,2405
CTX_RH_LINGUAL_UCBERKELEYAV45_10_17_16,2255,2405
CTX_RH_LINGUAL_SIZE_UCBERKELEYAV45_10_17_16,2255,2405
CTX_RH_MEDIALORBITOFRONTAL_UCBERKELEYAV45_10_17_16,2255,2405
CTX_RH_MEDIALORBITOFRONTAL_SIZE_UCBERKELEYAV45_10_17_16,2255,2405
CTX_RH_MIDDLETEMPORAL_UCBERKELEYAV45_10_17_16,2255,2405
CTX_RH_MIDDLETEMPORAL_SIZE_UCBERKELEYAV45_10_17_16,2255,2405
CTX_RH_PARACENTRAL_UCBERKELEYAV45_10_17_16,2255,2405
CTX_RH_PARACENTRAL_SIZE_UCBERKELEYAV45_10_17_16,2255,2405
CTX_RH_PARAHIPPOCAMPAL_UCBERKELEYAV45_10_17_16,2255,2405
CTX_RH_PARAHIPPOCAMPAL_SIZE_UCBERKELEYAV45_10_17_16,2255,2405
CTX_RH_PARSOPERCULARIS_UCBERKELEYAV45_10_17_16,2255,2405
CTX_RH_PARSOPERCULARIS_SIZE_UCBERKELEYAV45_10_17_16,2255,2405
CTX_RH_PARSORBITALIS_UCBERKELEYAV45_10_17_16,2255,2405
CTX_RH_PARSORBITALIS_SIZE_UCBERKELEYAV45_10_17_16,2255,2405
CTX_RH_PARSTRIANGULARIS_UCBERKELEYAV45_10_17_16,2255,2405
CTX_RH_PARSTRIANGULARIS_SIZE_UCBERKELEYAV45_10_17_16,2255,2405
CTX_RH_PERICALCARINE_UCBERKELEYAV45_10_17_16,2255,2405
CTX_RH_PERICALCARINE_SIZE_UCBERKELEYAV45_10_17_16,2255,2405
CTX_RH_POSTCENTRAL_UCBERKELEYAV45_10_17_16,2255,2405
CTX_RH_POSTCENTRAL_SIZE_UCBERKELEYAV45_10_17_16,2255,2405
CTX_RH_POSTERIORCINGULATE_UCBERKELEYAV45_10_17_16,2255,2405
CTX_RH_POSTERIORCINGULATE_SIZE_UCBERKELEYAV45_10_17_16,2255,2405
CTX_RH_PRECENTRAL_UCBERKELEYAV45_10_17_16,2255,2405
CTX_RH_PRECENTRAL_SIZE_UCBERKELEYAV45_10_17_16,2255,2405
CTX_RH_PRECUNEUS_UCBERKELEYAV45_10_17_16,2255,2405
CTX_RH_PRECUNEUS_SIZE_UCBERKELEYAV45_10_17_16,2255,2405
CTX_RH_ROSTRALANTERIORCINGULATE_UCBERKELEYAV45_10_17_16,2255,2405
CTX_RH_ROSTRALANTERIORCINGULATE_SIZE_UCBERKELEYAV45_10_17_16,2255,2405
CTX_RH_ROSTRALMIDDLEFRONTAL_UCBERKELEYAV45_10_17_16,2255,2405
CTX_RH_ROSTRALMIDDLEFRONTAL_SIZE_UCBERKELEYAV45_10_17_16,2255,2405
CTX_RH_SUPERIORFRONTAL_UCBERKELEYAV45_10_17_16,2255,2405
CTX_RH_SUPERIORFRONTAL_SIZE_UCBERKELEYAV45_10_17_16,2255,2405
CTX_RH_SUPERIORPARIETAL_UCBERKELEYAV45_10_17_16,2255,2405
CTX_RH_SUPERIORPARIETAL_SIZE_UCBERKELEYAV45_10_17_16,2255,2405
CTX_RH_SUPERIORTEMPORAL_UCBERKELEYAV45_10_17_16,2255,2405
CTX_RH_SUPERIORTEMPORAL_SIZE_UCBERKELEYAV45_10_17_16,2255,2405
CTX_RH_SUPRAMARGINAL_UCBERKELEYAV45_10_17_16,2255,2405
CTX_RH_SUPRAMARGINAL_SIZE_UCBERKELEYAV45_10_17_16,2255,2405
CTX_RH_TEMPORALPOLE_UCBERKELEYAV45_10_17_16,2255,2405
CTX_RH_TEMPORALPOLE_SIZE_UCBERKELEYAV45_10_17_16,2255,2405
CTX_RH_TRANSVERSETEMPORAL_UCBERKELEYAV45_10_17_16,2255,2405
CTX_RH_TRANSVERSETEMPORAL_SIZE_UCBERKELEYAV45_10_17_16,2255,2405
CTX_RH_UNKNOWN_UCBERKELEYAV45_10_17_16,2255,2405
CTX_RH_UNKNOWN_SIZE_UCBERKELEYAV45_10_17_16,2255,2405
LEFT_ACCUMBENS_AREA_UCBERKELEYAV45_10_17_16,2255,2405
LEFT_ACCUMBENS_AREA_SIZE_UCBERKELEYAV45_10_17_16,2255,2405
LEFT_AMYGDALA_UCBERKELEYAV45_10_17_16,2255,2405
LEFT_AMYGDALA_SIZE_UCBERKELEYAV45_10_17_16,2255,2405
LEFT_CAUDATE_UCBERKELEYAV45_10_17_16,2255,2405
LEFT_CAUDATE_SIZE_UCBERKELEYAV45_10_17_16,2255,2405
LEFT_CEREBELLUM_CORTEX_UCBERKELEYAV45_10_17_16,2255,2405
LEFT_CEREBELLUM_CORTEX_SIZE_UCBERKELEYAV45_10_17_16,2255,2405
LEFT_CEREBELLUM_WHITE_MATTER_UCBERKELEYAV45_10_17_16,2255,2405
LEFT_CEREBELLUM_WHITE_MATTER_SIZE_UCBERKELEYAV45_10_17_16,2255,2405
LEFT_CEREBRAL_WHITE_MATTER_UCBERKELEYAV45_10_17_16,2255,2405
LEFT_CEREBRAL_WHITE_MATTER_SIZE_UCBERKELEYAV45_10_17_16,2255,2405
LEFT_CHOROID_PLEXUS_UCBERKELEYAV45_10_17_16,2255,2405
LEFT_CHOROID_PLEXUS_SIZE_UCBERKELEYAV45_10_17_16,2255,2405
LEFT_HIPPOCAMPUS_UCBERKELEYAV45_10_17_16,2255,2405
LEFT_HIPPOCAMPUS_SIZE_UCBERKELEYAV45_10_17_16,2255,2405
LEFT_INF_LAT_VENT_UCBERKELEYAV45_10_17_16,2255,2405
LEFT_INF_LAT_VENT_SIZE_UCBERKELEYAV45_10_17_16,2255,2405
LEFT_LATERAL_VENTRICLE_UCBERKELEYAV45_10_17_16,2255,2405
LEFT_LATERAL_VENTRICLE_SIZE_UCBERKELEYAV45_10_17_16,2255,2405
LEFT_PALLIDUM_UCBERKELEYAV45_10_17_16,2255,2405
LEFT_PALLIDUM_SIZE_UCBERKELEYAV45_10_17_16,2255,2405
LEFT_PUTAMEN_UCBERKELEYAV45_10_17_16,2255,2405
LEFT_PUTAMEN_SIZE_UCBERKELEYAV45_10_17_16,2255,2405
LEFT_THALAMUS_PROPER_UCBERKELEYAV45_10_17_16,2255,2405
LEFT_THALAMUS_PROPER_SIZE_UCBERKELEYAV45_10_17_16,2255,2405
LEFT_VENTRALDC_UCBERKELEYAV45_10_17_16,2255,2405
LEFT_VENTRALDC_SIZE_UCBERKELEYAV45_10_17_16,2255,2405
LEFT_VESSEL_UCBERKELEYAV45_10_17_16,2255,2405
LEFT_VESSEL_SIZE_UCBERKELEYAV45_10_17_16,2255,2405
NON_WM_HYPOINTENSITIES_UCBERKELEYAV45_10_17_16,2255,2405
NON_WM_HYPOINTENSITIES_SIZE_UCBERKELEYAV45_10_17_16,2255,2405
OPTIC_CHIASM_UCBERKELEYAV45_10_17_16,2255,2405
OPTIC_CHIASM_SIZE_UCBERKELEYAV45_10_17_16,2255,2405
RIGHT_ACCUMBENS_AREA_UCBERKELEYAV45_10_17_16,2255,2405
RIGHT_ACCUMBENS_AREA_SIZE_UCBERKELEYAV45_10_17_16,2255,2405
RIGHT_AMYGDALA_UCBERKELEYAV45_10_17_16,2255,2405
RIGHT_AMYGDALA_SIZE_UCBERKELEYAV45_10_17_16,2255,2405
RIGHT_CAUDATE_UCBERKELEYAV45_10_17_16,2255,2405
RIGHT_CAUDATE_SIZE_UCBERKELEYAV45_10_17_16,2255,2405
RIGHT_CEREBELLUM_CORTEX_UCBERKELEYAV45_10_17_16,2255,2405
RIGHT_CEREBELLUM_CORTEX_SIZE_UCBERKELEYAV45_10_17_16,2255,2405
RIGHT_CEREBELLUM_WHITE_MATTER_UCBERKELEYAV45_10_17_16,2255,2405
RIGHT_CEREBELLUM_WHITE_MATTER_SIZE_UCBERKELEYAV45_10_17_16,2255,2405
RIGHT_CEREBRAL_WHITE_MATTER_UCBERKELEYAV45_10_17_16,2255,2405
RIGHT_CEREBRAL_WHITE_MATTER_SIZE_UCBERKELEYAV45_10_17_16,2255,2405
RIGHT_CHOROID_PLEXUS_UCBERKELEYAV45_10_17_16,2255,2405
RIGHT_CHOROID_PLEXUS_SIZE_UCBERKELEYAV45_10_17_16,2255,2405
RIGHT_HIPPOCAMPUS_UCBERKELEYAV45_10_17_16,2255,2405
RIGHT_HIPPOCAMPUS_SIZE_UCBERKELEYAV45_10_17_16,2255,2405
RIGHT_INF_LAT_VENT_UCBERKELEYAV45_10_17_16,2255,2405
RIGHT_INF_LAT_VENT_SIZE_UCBERKELEYAV45_10_17_16,2255,2405
RIGHT_LATERAL_VENTRICLE_UCBERKELEYAV45_10_17_16,2255,2405
RIGHT_LATERAL_VENTRICLE_SIZE_UCBERKELEYAV45_10_17_16,2255,2405
RIGHT_PALLIDUM_UCBERKELEYAV45_10_17_16,2255,2405
RIGHT_PALLIDUM_SIZE_UCBERKELEYAV45_10_17_16,2255,2405
RIGHT_PUTAMEN_UCBERKELEYAV45_10_17_16,2255,2405
RIGHT_PUTAMEN_SIZE_UCBERKELEYAV45_10_17_16,2255,2405
RIGHT_THALAMUS_PROPER_UCBERKELEYAV45_10_17_16,2255,2405
RIGHT_THALAMUS_PROPER_SIZE_UCBERKELEYAV45_10_17_16,2255,2405
RIGHT_VENTRALDC_UCBERKELEYAV45_10_17_16,2255,2405
RIGHT_VENTRALDC_SIZE_UCBERKELEYAV45_10_17_16,2255,2405
RIGHT_VESSEL_UCBERKELEYAV45_10_17_16,2258,2405
RIGHT_VESSEL_SIZE_UCBERKELEYAV45_10_17_16,2258,2405
WM_HYPOINTENSITIES_UCBERKELEYAV45_10_17_16,2255,2405
WM_HYPOINTENSITIES_SIZE_UCBERKELEYAV45_10_17_16,2255,2405
update_stamp_UCBERKELEYAV45_10_17_16,0,2405
EXAMDATE_UCBERKELEYAV1451_10_17_16,0,2405
CEREBELLUMGREYMATTER_UCBERKELEYAV1451_10_17_16,2400,2405
CEREBELLUMGREYMATTER_SIZE_UCBERKELEYAV1451_10_17_16,2400,2405
BRAAK1_UCBERKELEYAV1451_10_17_16,2400,2405
BRAAK1_SIZE_UCBERKELEYAV1451_10_17_16,2400,2405
BRAAK2_UCBERKELEYAV1451_10_17_16,2400,2405
BRAAK2_SIZE_UCBERKELEYAV1451_10_17_16,2400,2405
BRAAK3_UCBERKELEYAV1451_10_17_16,2400,2405
BRAAK3_SIZE_UCBERKELEYAV1451_10_17_16,2400,2405
BRAAK4_UCBERKELEYAV1451_10_17_16,2400,2405
BRAAK4_SIZE_UCBERKELEYAV1451_10_17_16,2400,2405
BRAAK5_UCBERKELEYAV1451_10_17_16,2400,2405
BRAAK5_SIZE_UCBERKELEYAV1451_10_17_16,2400,2405
BRAAK6_UCBERKELEYAV1451_10_17_16,2400,2405
BRAAK6_SIZE_UCBERKELEYAV1451_10_17_16,2400,2405
ERODED_SUBCORTICALWM_UCBERKELEYAV1451_10_17_16,2400,2405
ERODED_SUBCORTICALWM_SIZE_UCBERKELEYAV1451_10_17_16,2400,2405
VENTRICLE_3RD_UCBERKELEYAV1451_10_17_16,2400,2405
VENTRICLE_3RD_SIZE_UCBERKELEYAV1451_10_17_16,2400,2405
VENTRICLE_4TH_UCBERKELEYAV1451_10_17_16,2400,2405
VENTRICLE_4TH_SIZE_UCBERKELEYAV1451_10_17_16,2400,2405
VENTRICLE_5TH_UCBERKELEYAV1451_10_17_16,2400,2405
VENTRICLE_5TH_SIZE_UCBERKELEYAV1451_10_17_16,2400,2405
BRAINSTEM_UCBERKELEYAV1451_10_17_16,2402,2405
BRAINSTEM_SIZE_UCBERKELEYAV1451_10_17_16,2402,2405
CC_ANTERIOR_UCBERKELEYAV1451_10_17_16,2400,2405
CC_ANTERIOR_SIZE_UCBERKELEYAV1451_10_17_16,2400,2405
CC_CENTRAL_UCBERKELEYAV1451_10_17_16,2400,2405
CC_CENTRAL_SIZE_UCBERKELEYAV1451_10_17_16,2400,2405
CC_MID_ANTERIOR_UCBERKELEYAV1451_10_17_16,2400,2405
CC_MID_ANTERIOR_SIZE_UCBERKELEYAV1451_10_17_16,2400,2405
CC_MID_POSTERIOR_UCBERKELEYAV1451_10_17_16,2400,2405
CC_MID_POSTERIOR_SIZE_UCBERKELEYAV1451_10_17_16,2400,2405
CC_POSTERIOR_UCBERKELEYAV1451_10_17_16,2400,2405
CC_POSTERIOR_SIZE_UCBERKELEYAV1451_10_17_16,2400,2405
CSF_UCBERKELEYAV1451_10_17_16,2400,2405
CSF_SIZE_UCBERKELEYAV1451_10_17_16,2400,2405
CTX_LH_BANKSSTS_UCBERKELEYAV1451_10_17_16,2400,2405
CTX_LH_BANKSSTS_SIZE_UCBERKELEYAV1451_10_17_16,2400,2405
CTX_LH_CAUDALANTERIORCINGULATE_UCBERKELEYAV1451_10_17_16,2400,2405
CTX_LH_CAUDALANTERIORCINGULATE_SIZE_UCBERKELEYAV1451_10_17_16,2400,2405
CTX_LH_CAUDALMIDDLEFRONTAL_UCBERKELEYAV1451_10_17_16,2400,2405
CTX_LH_CAUDALMIDDLEFRONTAL_SIZE_UCBERKELEYAV1451_10_17_16,2400,2405
CTX_LH_CUNEUS_UCBERKELEYAV1451_10_17_16,2400,2405
CTX_LH_CUNEUS_SIZE_UCBERKELEYAV1451_10_17_16,2400,2405
CTX_LH_ENTORHINAL_UCBERKELEYAV1451_10_17_16,2400,2405
CTX_LH_ENTORHINAL_SIZE_UCBERKELEYAV1451_10_17_16,2400,2405
CTX_LH_FRONTALPOLE_UCBERKELEYAV1451_10_17_16,2400,2405
CTX_LH_FRONTALPOLE_SIZE_UCBERKELEYAV1451_10_17_16,2400,2405
CTX_LH_FUSIFORM_UCBERKELEYAV1451_10_17_16,2400,2405
CTX_LH_FUSIFORM_SIZE_UCBERKELEYAV1451_10_17_16,2400,2405
CTX_LH_INFERIORPARIETAL_UCBERKELEYAV1451_10_17_16,2400,2405
CTX_LH_INFERIORPARIETAL_SIZE_UCBERKELEYAV1451_10_17_16,2400,2405
CTX_LH_INFERIORTEMPORAL_UCBERKELEYAV1451_10_17_16,2400,2405
CTX_LH_INFERIORTEMPORAL_SIZE_UCBERKELEYAV1451_10_17_16,2400,2405
CTX_LH_INSULA_UCBERKELEYAV1451_10_17_16,2400,2405
CTX_LH_INSULA_SIZE_UCBERKELEYAV1451_10_17_16,2400,2405
CTX_LH_ISTHMUSCINGULATE_UCBERKELEYAV1451_10_17_16,2400,2405
CTX_LH_ISTHMUSCINGULATE_SIZE_UCBERKELEYAV1451_10_17_16,2400,2405
CTX_LH_LATERALOCCIPITAL_UCBERKELEYAV1451_10_17_16,2400,2405
CTX_LH_LATERALOCCIPITAL_SIZE_UCBERKELEYAV1451_10_17_16,2400,2405
CTX_LH_LATERALORBITOFRONTAL_UCBERKELEYAV1451_10_17_16,2400,2405
CTX_LH_LATERALORBITOFRONTAL_SIZE_UCBERKELEYAV1451_10_17_16,2400,2405
CTX_LH_LINGUAL_UCBERKELEYAV1451_10_17_16,2400,2405
CTX_LH_LINGUAL_SIZE_UCBERKELEYAV1451_10_17_16,2400,2405
CTX_LH_MEDIALORBITOFRONTAL_UCBERKELEYAV1451_10_17_16,2400,2405
CTX_LH_MEDIALORBITOFRONTAL_SIZE_UCBERKELEYAV1451_10_17_16,2400,2405
CTX_LH_MIDDLETEMPORAL_UCBERKELEYAV1451_10_17_16,2400,2405
CTX_LH_MIDDLETEMPORAL_SIZE_UCBERKELEYAV1451_10_17_16,2400,2405
CTX_LH_PARACENTRAL_UCBERKELEYAV1451_10_17_16,2400,2405
CTX_LH_PARACENTRAL_SIZE_UCBERKELEYAV1451_10_17_16,2400,2405
CTX_LH_PARAHIPPOCAMPAL_UCBERKELEYAV1451_10_17_16,2400,2405
CTX_LH_PARAHIPPOCAMPAL_SIZE_UCBERKELEYAV1451_10_17_16,2400,2405
CTX_LH_PARSOPERCULARIS_UCBERKELEYAV1451_10_17_16,2400,2405
CTX_LH_PARSOPERCULARIS_SIZE_UCBERKELEYAV1451_10_17_16,2400,2405
CTX_LH_PARSORBITALIS_UCBERKELEYAV1451_10_17_16,2400,2405
CTX_LH_PARSORBITALIS_SIZE_UCBERKELEYAV1451_10_17_16,2400,2405
CTX_LH_PARSTRIANGULARIS_UCBERKELEYAV1451_10_17_16,2400,2405
CTX_LH_PARSTRIANGULARIS_SIZE_UCBERKELEYAV1451_10_17_16,2400,2405
CTX_LH_PERICALCARINE_UCBERKELEYAV1451_10_17_16,2400,2405
CTX_LH_PERICALCARINE_SIZE_UCBERKELEYAV1451_10_17_16,2400,2405
CTX_LH_POSTCENTRAL_UCBERKELEYAV1451_10_17_16,2400,2405
CTX_LH_POSTCENTRAL_SIZE_UCBERKELEYAV1451_10_17_16,2400,2405
CTX_LH_POSTERIORCINGULATE_UCBERKELEYAV1451_10_17_16,2400,2405
CTX_LH_POSTERIORCINGULATE_SIZE_UCBERKELEYAV1451_10_17_16,2400,2405
CTX_LH_PRECENTRAL_UCBERKELEYAV1451_10_17_16,2400,2405
CTX_LH_PRECENTRAL_SIZE_UCBERKELEYAV1451_10_17_16,2400,2405
CTX_LH_PRECUNEUS_UCBERKELEYAV1451_10_17_16,2400,2405
CTX_LH_PRECUNEUS_SIZE_UCBERKELEYAV1451_10_17_16,2400,2405
CTX_LH_ROSTRALANTERIORCINGULATE_UCBERKELEYAV1451_10_17_16,2400,2405
CTX_LH_ROSTRALANTERIORCINGULATE_SIZE_UCBERKELEYAV1451_10_17_16,2400,2405
CTX_LH_ROSTRALMIDDLEFRONTAL_UCBERKELEYAV1451_10_17_16,2400,2405
CTX_LH_ROSTRALMIDDLEFRONTAL_SIZE_UCBERKELEYAV1451_10_17_16,2400,2405
CTX_LH_SUPERIORFRONTAL_UCBERKELEYAV1451_10_17_16,2400,2405
CTX_LH_SUPERIORFRONTAL_SIZE_UCBERKELEYAV1451_10_17_16,2400,2405
CTX_LH_SUPERIORPARIETAL_UCBERKELEYAV1451_10_17_16,2400,2405
CTX_LH_SUPERIORPARIETAL_SIZE_UCBERKELEYAV1451_10_17_16,2400,2405
CTX_LH_SUPERIORTEMPORAL_UCBERKELEYAV1451_10_17_16,2400,2405
CTX_LH_SUPERIORTEMPORAL_SIZE_UCBERKELEYAV1451_10_17_16,2400,2405
CTX_LH_SUPRAMARGINAL_UCBERKELEYAV1451_10_17_16,2400,2405
CTX_LH_SUPRAMARGINAL_SIZE_UCBERKELEYAV1451_10_17_16,2400,2405
CTX_LH_TEMPORALPOLE_UCBERKELEYAV1451_10_17_16,2400,2405
CTX_LH_TEMPORALPOLE_SIZE_UCBERKELEYAV1451_10_17_16,2400,2405
CTX_LH_TRANSVERSETEMPORAL_UCBERKELEYAV1451_10_17_16,2400,2405
CTX_LH_TRANSVERSETEMPORAL_SIZE_UCBERKELEYAV1451_10_17_16,2400,2405
CTX_LH_UNKNOWN_UCBERKELEYAV1451_10_17_16,2400,2405
CTX_LH_UNKNOWN_SIZE_UCBERKELEYAV1451_10_17_16,2400,2405
CTX_RH_BANKSSTS_UCBERKELEYAV1451_10_17_16,2400,2405
CTX_RH_BANKSSTS_SIZE_UCBERKELEYAV1451_10_17_16,2400,2405
CTX_RH_CAUDALANTERIORCINGULATE_UCBERKELEYAV1451_10_17_16,2400,2405
CTX_RH_CAUDALANTERIORCINGULATE_SIZE_UCBERKELEYAV1451_10_17_16,2400,2405
CTX_RH_CAUDALMIDDLEFRONTAL_UCBERKELEYAV1451_10_17_16,2400,2405
CTX_RH_CAUDALMIDDLEFRONTAL_SIZE_UCBERKELEYAV1451_10_17_16,2400,2405
CTX_RH_CUNEUS_UCBERKELEYAV1451_10_17_16,2400,2405
CTX_RH_CUNEUS_SIZE_UCBERKELEYAV1451_10_17_16,2400,2405
CTX_RH_ENTORHINAL_UCBERKELEYAV1451_10_17_16,2400,2405
CTX_RH_ENTORHINAL_SIZE_UCBERKELEYAV1451_10_17_16,2400,2405
CTX_RH_FRONTALPOLE_UCBERKELEYAV1451_10_17_16,2400,2405
CTX_RH_FRONTALPOLE_SIZE_UCBERKELEYAV1451_10_17_16,2400,2405
CTX_RH_FUSIFORM_UCBERKELEYAV1451_10_17_16,2400,2405
CTX_RH_FUSIFORM_SIZE_UCBERKELEYAV1451_10_17_16,2400,2405
CTX_RH_INFERIORPARIETAL_UCBERKELEYAV1451_10_17_16,2400,2405
CTX_RH_INFERIORPARIETAL_SIZE_UCBERKELEYAV1451_10_17_16,2400,2405
CTX_RH_INFERIORTEMPORAL_UCBERKELEYAV1451_10_17_16,2400,2405
CTX_RH_INFERIORTEMPORAL_SIZE_UCBERKELEYAV1451_10_17_16,2400,2405
CTX_RH_INSULA_UCBERKELEYAV1451_10_17_16,2400,2405
CTX_RH_INSULA_SIZE_UCBERKELEYAV1451_10_17_16,2400,2405
CTX_RH_ISTHMUSCINGULATE_UCBERKELEYAV1451_10_17_16,2400,2405
CTX_RH_ISTHMUSCINGULATE_SIZE_UCBERKELEYAV1451_10_17_16,2400,2405
CTX_RH_LATERALOCCIPITAL_UCBERKELEYAV1451_10_17_16,2400,2405
CTX_RH_LATERALOCCIPITAL_SIZE_UCBERKELEYAV1451_10_17_16,2400,2405
CTX_RH_LATERALORBITOFRONTAL_UCBERKELEYAV1451_10_17_16,2400,2405
CTX_RH_LATERALORBITOFRONTAL_SIZE_UCBERKELEYAV1451_10_17_16,2400,2405
CTX_RH_LINGUAL_UCBERKELEYAV1451_10_17_16,2400,2405
CTX_RH_LINGUAL_SIZE_UCBERKELEYAV1451_10_17_16,2400,2405
CTX_RH_MEDIALORBITOFRONTAL_UCBERKELEYAV1451_10_17_16,2400,2405
CTX_RH_MEDIALORBITOFRONTAL_SIZE_UCBERKELEYAV1451_10_17_16,2400,2405
CTX_RH_MIDDLETEMPORAL_UCBERKELEYAV1451_10_17_16,2400,2405
CTX_RH_MIDDLETEMPORAL_SIZE_UCBERKELEYAV1451_10_17_16,2400,2405
CTX_RH_PARACENTRAL_UCBERKELEYAV1451_10_17_16,2400,2405
CTX_RH_PARACENTRAL_SIZE_UCBERKELEYAV1451_10_17_16,2400,2405
CTX_RH_PARAHIPPOCAMPAL_UCBERKELEYAV1451_10_17_16,2400,2405
CTX_RH_PARAHIPPOCAMPAL_SIZE_UCBERKELEYAV1451_10_17_16,2400,2405
CTX_RH_PARSOPERCULARIS_UCBERKELEYAV1451_10_17_16,2400,2405
CTX_RH_PARSOPERCULARIS_SIZE_UCBERKELEYAV1451_10_17_16,2400,2405
CTX_RH_PARSORBITALIS_UCBERKELEYAV1451_10_17_16,2400,2405
CTX_RH_PARSORBITALIS_SIZE_UCBERKELEYAV1451_10_17_16,2400,2405
CTX_RH_PARSTRIANGULARIS_UCBERKELEYAV1451_10_17_16,2400,2405
CTX_RH_PARSTRIANGULARIS_SIZE_UCBERKELEYAV1451_10_17_16,2400,2405
CTX_RH_PERICALCARINE_UCBERKELEYAV1451_10_17_16,2400,2405
CTX_RH_PERICALCARINE_SIZE_UCBERKELEYAV1451_10_17_16,2400,2405
CTX_RH_POSTCENTRAL_UCBERKELEYAV1451_10_17_16,2400,2405
CTX_RH_POSTCENTRAL_SIZE_UCBERKELEYAV1451_10_17_16,2400,2405
CTX_RH_POSTERIORCINGULATE_UCBERKELEYAV1451_10_17_16,2400,2405
CTX_RH_POSTERIORCINGULATE_SIZE_UCBERKELEYAV1451_10_17_16,2400,2405
CTX_RH_PRECENTRAL_UCBERKELEYAV1451_10_17_16,2400,2405
CTX_RH_PRECENTRAL_SIZE_UCBERKELEYAV1451_10_17_16,2400,2405
CTX_RH_PRECUNEUS_UCBERKELEYAV1451_10_17_16,2400,2405
CTX_RH_PRECUNEUS_SIZE_UCBERKELEYAV1451_10_17_16,2400,2405
CTX_RH_ROSTRALANTERIORCINGULATE_UCBERKELEYAV1451_10_17_16,2400,2405
CTX_RH_ROSTRALANTERIORCINGULATE_SIZE_UCBERKELEYAV1451_10_17_16,2400,2405
CTX_RH_ROSTRALMIDDLEFRONTAL_UCBERKELEYAV1451_10_17_16,2400,2405
CTX_RH_ROSTRALMIDDLEFRONTAL_SIZE_UCBERKELEYAV1451_10_17_16,2400,2405
CTX_RH_SUPERIORFRONTAL_UCBERKELEYAV1451_10_17_16,2400,2405
CTX_RH_SUPERIORFRONTAL_SIZE_UCBERKELEYAV1451_10_17_16,2400,2405
CTX_RH_SUPERIORPARIETAL_UCBERKELEYAV1451_10_17_16,2400,2405
CTX_RH_SUPERIORPARIETAL_SIZE_UCBERKELEYAV1451_10_17_16,2400,2405
CTX_RH_SUPERIORTEMPORAL_UCBERKELEYAV1451_10_17_16,2400,2405
CTX_RH_SUPERIORTEMPORAL_SIZE_UCBERKELEYAV1451_10_17_16,2400,2405
CTX_RH_SUPRAMARGINAL_UCBERKELEYAV1451_10_17_16,2400,2405
CTX_RH_SUPRAMARGINAL_SIZE_UCBERKELEYAV1451_10_17_16,2400,2405
CTX_RH_TEMPORALPOLE_UCBERKELEYAV1451_10_17_16,2400,2405
CTX_RH_TEMPORALPOLE_SIZE_UCBERKELEYAV1451_10_17_16,2400,2405
CTX_RH_TRANSVERSETEMPORAL_UCBERKELEYAV1451_10_17_16,2400,2405
CTX_RH_TRANSVERSETEMPORAL_SIZE_UCBERKELEYAV1451_10_17_16,2400,2405
CTX_RH_UNKNOWN_UCBERKELEYAV1451_10_17_16,2400,2405
CTX_RH_UNKNOWN_SIZE_UCBERKELEYAV1451_10_17_16,2400,2405
LEFT_ACCUMBENS_AREA_UCBERKELEYAV1451_10_17_16,2400,2405
LEFT_ACCUMBENS_AREA_SIZE_UCBERKELEYAV1451_10_17_16,2400,2405
LEFT_AMYGDALA_UCBERKELEYAV1451_10_17_16,2400,2405
LEFT_AMYGDALA_SIZE_UCBERKELEYAV1451_10_17_16,2400,2405
LEFT_CAUDATE_UCBERKELEYAV1451_10_17_16,2400,2405
LEFT_CAUDATE_SIZE_UCBERKELEYAV1451_10_17_16,2400,2405
LEFT_CEREBELLUM_CORTEX_UCBERKELEYAV1451_10_17_16,2400,2405
LEFT_CEREBELLUM_CORTEX_SIZE_UCBERKELEYAV1451_10_17_16,2400,2405
LEFT_CEREBELLUM_WHITE_MATTER_UCBERKELEYAV1451_10_17_16,2400,2405
LEFT_CEREBELLUM_WHITE_MATTER_SIZE_UCBERKELEYAV1451_10_17_16,2400,2405
LEFT_CEREBRAL_WHITE_MATTER_UCBERKELEYAV1451_10_17_16,2400,2405
LEFT_CEREBRAL_WHITE_MATTER_SIZE_UCBERKELEYAV1451_10_17_16,2400,2405
LEFT_CHOROID_PLEXUS_UCBERKELEYAV1451_10_17_16,2400,2405
LEFT_CHOROID_PLEXUS_SIZE_UCBERKELEYAV1451_10_17_16,2400,2405
LEFT_HIPPOCAMPUS_UCBERKELEYAV1451_10_17_16,2400,2405
LEFT_HIPPOCAMPUS_SIZE_UCBERKELEYAV1451_10_17_16,2400,2405
LEFT_INF_LAT_VENT_UCBERKELEYAV1451_10_17_16,2400,2405
LEFT_INF_LAT_VENT_SIZE_UCBERKELEYAV1451_10_17_16,2400,2405
LEFT_LATERAL_VENTRICLE_UCBERKELEYAV1451_10_17_16,2400,2405
LEFT_LATERAL_VENTRICLE_SIZE_UCBERKELEYAV1451_10_17_16,2400,2405
LEFT_PALLIDUM_UCBERKELEYAV1451_10_17_16,2400,2405
LEFT_PALLIDUM_SIZE_UCBERKELEYAV1451_10_17_16,2400,2405
LEFT_PUTAMEN_UCBERKELEYAV1451_10_17_16,2400,2405
LEFT_PUTAMEN_SIZE_UCBERKELEYAV1451_10_17_16,2400,2405
LEFT_THALAMUS_PROPER_UCBERKELEYAV1451_10_17_16,2400,2405
LEFT_THALAMUS_PROPER_SIZE_UCBERKELEYAV1451_10_17_16,2400,2405
LEFT_VENTRALDC_UCBERKELEYAV1451_10_17_16,2400,2405
LEFT_VENTRALDC_SIZE_UCBERKELEYAV1451_10_17_16,2400,2405
LEFT_VESSEL_UCBERKELEYAV1451_10_17_16,2400,2405
LEFT_VESSEL_SIZE_UCBERKELEYAV1451_10_17_16,2400,2405
NON_WM_HYPOINTENSITIES_UCBERKELEYAV1451_10_17_16,2400,2405
NON_WM_HYPOINTENSITIES_SIZE_UCBERKELEYAV1451_10_17_16,2400,2405
OPTIC_CHIASM_UCBERKELEYAV1451_10_17_16,2400,2405
OPTIC_CHIASM_SIZE_UCBERKELEYAV1451_10_17_16,2400,2405
RIGHT_ACCUMBENS_AREA_UCBERKELEYAV1451_10_17_16,2400,2405
RIGHT_ACCUMBENS_AREA_SIZE_UCBERKELEYAV1451_10_17_16,2400,2405
RIGHT_AMYGDALA_UCBERKELEYAV1451_10_17_16,2400,2405
RIGHT_AMYGDALA_SIZE_UCBERKELEYAV1451_10_17_16,2400,2405
RIGHT_CAUDATE_UCBERKELEYAV1451_10_17_16,2400,2405
RIGHT_CAUDATE_SIZE_UCBERKELEYAV1451_10_17_16,2400,2405
RIGHT_CEREBELLUM_CORTEX_UCBERKELEYAV1451_10_17_16,2400,2405
RIGHT_CEREBELLUM_CORTEX_SIZE_UCBERKELEYAV1451_10_17_16,2400,2405
RIGHT_CEREBELLUM_WHITE_MATTER_UCBERKELEYAV1451_10_17_16,2400,2405
RIGHT_CEREBELLUM_WHITE_MATTER_SIZE_UCBERKELEYAV1451_10_17_16,2400,2405
RIGHT_CEREBRAL_WHITE_MATTER_UCBERKELEYAV1451_10_17_16,2400,2405
RIGHT_CEREBRAL_WHITE_MATTER_SIZE_UCBERKELEYAV1451_10_17_16,2400,2405
RIGHT_CHOROID_PLEXUS_UCBERKELEYAV1451_10_17_16,2400,2405
RIGHT_CHOROID_PLEXUS_SIZE_UCBERKELEYAV1451_10_17_16,2400,2405
RIGHT_HIPPOCAMPUS_UCBERKELEYAV1451_10_17_16,2400,2405
RIGHT_HIPPOCAMPUS_SIZE_UCBERKELEYAV1451_10_17_16,2400,2405
RIGHT_INF_LAT_VENT_UCBERKELEYAV1451_10_17_16,2400,2405
RIGHT_INF_LAT_VENT_SIZE_UCBERKELEYAV1451_10_17_16,2400,2405
RIGHT_LATERAL_VENTRICLE_UCBERKELEYAV1451_10_17_16,2400,2405
RIGHT_LATERAL_VENTRICLE_SIZE_UCBERKELEYAV1451_10_17_16,2400,2405
RIGHT_PALLIDUM_UCBERKELEYAV1451_10_17_16,2400,2405
RIGHT_PALLIDUM_SIZE_UCBERKELEYAV1451_10_17_16,2400,2405
RIGHT_PUTAMEN_UCBERKELEYAV1451_10_17_16,2400,2405
RIGHT_PUTAMEN_SIZE_UCBERKELEYAV1451_10_17_16,2400,2405
RIGHT_THALAMUS_PROPER_UCBERKELEYAV1451_10_17_16,2400,2405
RIGHT_THALAMUS_PROPER_SIZE_UCBERKELEYAV1451_10_17_16,2400,2405
RIGHT_VENTRALDC_UCBERKELEYAV1451_10_17_16,2400,2405
RIGHT_VENTRALDC_SIZE_UCBERKELEYAV1451_10_17_16,2400,2405
RIGHT_VESSEL_UCBERKELEYAV1451_10_17_16,2400,2405
RIGHT_VESSEL_SIZE_UCBERKELEYAV1451_10_17_16,2400,2405
WM_HYPOINTENSITIES_UCBERKELEYAV1451_10_17_16,2400,2405
WM_HYPOINTENSITIES_SIZE_UCBERKELEYAV1451_10_17_16,2400,2405
update_stamp_UCBERKELEYAV1451_10_17_16,0,2405
EXAMDATE_DTIROI_04_30_14,0,2405
VERSION_DTIROI_04_30_14,2402,2405
VISNAME_DTIROI_04_30_14,0,2405
VISITNO_DTIROI_04_30_14,2402,2405
LONIUID_1_DTIROI_04_30_14,2402,2405
LONIUID_2_DTIROI_04_30_14,2402,2405
LONIUID_3_DTIROI_04_30_14,2402,2405
LONIUID_4_DTIROI_04_30_14,2402,2405
RUNDATE_DTIROI_04_30_14,0,2405
STATUS_DTIROI_04_30_14,0,2405
FA_CST_L_DTIROI_04_30_14,2402,2405
FA_CST_R_DTIROI_04_30_14,2402,2405
FA_ICP_L_DTIROI_04_30_14,2402,2405
FA_ICP_R_DTIROI_04_30_14,2402,2405
FA_ML_L_DTIROI_04_30_14,2402,2405
FA_ML_R_DTIROI_04_30_14,2402,2405
FA_SCP_L_DTIROI_04_30_14,2402,2405
FA_SCP_R_DTIROI_04_30_14,2402,2405
FA_CP_L_DTIROI_04_30_14,2402,2405
FA_CP_R_DTIROI_04_30_14,2402,2405
FA_ALIC_L_DTIROI_04_30_14,2402,2405
FA_ALIC_R_DTIROI_04_30_14,2402,2405
FA_PLIC_L_DTIROI_04_30_14,2402,2405
FA_PLIC_R_DTIROI_04_30_14,2402,2405
FA_PTR_L_DTIROI_04_30_14,2402,2405
FA_PTR_R_DTIROI_04_30_14,2402,2405
FA_ACR_L_DTIROI_04_30_14,2402,2405
FA_ACR_R_DTIROI_04_30_14,2402,2405
FA_SCR_L_DTIROI_04_30_14,2402,2405
FA_SCR_R_DTIROI_04_30_14,2402,2405
FA_PCR_L_DTIROI_04_30_14,2402,2405
FA_PCR_R_DTIROI_04_30_14,2402,2405
FA_CGC_L_DTIROI_04_30_14,2402,2405
FA_CGC_R_DTIROI_04_30_14,2402,2405
FA_CGH_L_DTIROI_04_30_14,2402,2405
FA_CGH_R_DTIROI_04_30_14,2402,2405
FA_FX_ST_L_DTIROI_04_30_14,2402,2405
FA_FX_ST_R_DTIROI_04_30_14,2402,2405
FA_SLF_L_DTIROI_04_30_14,2402,2405
FA_SLF_R_DTIROI_04_30_14,2402,2405
FA_SFO_L_DTIROI_04_30_14,2402,2405
FA_SFO_R_DTIROI_04_30_14,2402,2405
FA_IFO_L_DTIROI_04_30_14,2402,2405
FA_IFO_R_DTIROI_04_30_14,2402,2405
FA_SS_L_DTIROI_04_30_14,2402,2405
FA_SS_R_DTIROI_04_30_14,2402,2405
FA_EC_L_DTIROI_04_30_14,2402,2405
FA_EC_R_DTIROI_04_30_14,2402,2405
FA_UNC_L_DTIROI_04_30_14,2402,2405
FA_UNC_R_DTIROI_04_30_14,2402,2405
FA_FX_L_DTIROI_04_30_14,2402,2405
FA_FX_R_DTIROI_04_30_14,2402,2405
FA_GCC_L_DTIROI_04_30_14,2402,2405
FA_GCC_R_DTIROI_04_30_14,2402,2405
FA_BCC_L_DTIROI_04_30_14,2402,2405
FA_BCC_R_DTIROI_04_30_14,2402,2405
FA_SCC_L_DTIROI_04_30_14,2402,2405
FA_SCC_R_DTIROI_04_30_14,2402,2405
FA_RLIC_L_DTIROI_04_30_14,2402,2405
FA_RLIC_R_DTIROI_04_30_14,2402,2405
FA_TAP_L_DTIROI_04_30_14,2402,2405
FA_TAP_R_DTIROI_04_30_14,2402,2405
FA_SUMGCC_DTIROI_04_30_14,2402,2405
FA_SUMBCC_DTIROI_04_30_14,2402,2405
FA_SUMSCC_DTIROI_04_30_14,2402,2405
FA_SUMCC_DTIROI_04_30_14,2402,2405
FA_SUMFX_DTIROI_04_30_14,2402,2405
MD_CST_L_DTIROI_04_30_14,2402,2405
MD_CST_R_DTIROI_04_30_14,2402,2405
MD_ICP_L_DTIROI_04_30_14,2402,2405
MD_ICP_R_DTIROI_04_30_14,2402,2405
MD_ML_L_DTIROI_04_30_14,2402,2405
MD_ML_R_DTIROI_04_30_14,2402,2405
MD_SCP_L_DTIROI_04_30_14,2402,2405
MD_SCP_R_DTIROI_04_30_14,2402,2405
MD_CP_L_DTIROI_04_30_14,2402,2405
MD_CP_R_DTIROI_04_30_14,2402,2405
MD_ALIC_L_DTIROI_04_30_14,2402,2405
MD_ALIC_R_DTIROI_04_30_14,2402,2405
MD_PLIC_L_DTIROI_04_30_14,2402,2405
MD_PLIC_R_DTIROI_04_30_14,2402,2405
MD_PTR_L_DTIROI_04_30_14,2402,2405
MD_PTR_R_DTIROI_04_30_14,2402,2405
MD_ACR_L_DTIROI_04_30_14,2402,2405
MD_ACR_R_DTIROI_04_30_14,2402,2405
MD_SCR_L_DTIROI_04_30_14,2402,2405
MD_SCR_R_DTIROI_04_30_14,2402,2405
MD_PCR_L_DTIROI_04_30_14,2402,2405
MD_PCR_R_DTIROI_04_30_14,2402,2405
MD_CGC_L_DTIROI_04_30_14,2402,2405
MD_CGC_R_DTIROI_04_30_14,2402,2405
MD_CGH_L_DTIROI_04_30_14,2402,2405
MD_CGH_R_DTIROI_04_30_14,2402,2405
MD_FX_ST_L_DTIROI_04_30_14,2402,2405
MD_FX_ST_R_DTIROI_04_30_14,2402,2405
MD_SLF_L_DTIROI_04_30_14,2402,2405
MD_SLF_R_DTIROI_04_30_14,2402,2405
MD_SFO_L_DTIROI_04_30_14,2402,2405
MD_SFO_R_DTIROI_04_30_14,2402,2405
MD_IFO_L_DTIROI_04_30_14,2402,2405
MD_IFO_R_DTIROI_04_30_14,2402,2405
MD_SS_L_DTIROI_04_30_14,2402,2405
MD_SS_R_DTIROI_04_30_14,2402,2405
MD_EC_L_DTIROI_04_30_14,2402,2405
MD_EC_R_DTIROI_04_30_14,2402,2405
MD_UNC_L_DTIROI_04_30_14,2402,2405
MD_UNC_R_DTIROI_04_30_14,2402,2405
MD_FX_L_DTIROI_04_30_14,2402,2405
MD_FX_R_DTIROI_04_30_14,2402,2405
MD_GCC_L_DTIROI_04_30_14,2402,2405
MD_GCC_R_DTIROI_04_30_14,2402,2405
MD_BCC_L_DTIROI_04_30_14,2402,2405
MD_BCC_R_DTIROI_04_30_14,2402,2405
MD_SCC_L_DTIROI_04_30_14,2402,2405
MD_SCC_R_DTIROI_04_30_14,2402,2405
MD_RLIC_L_DTIROI_04_30_14,2402,2405
MD_RLIC_R_DTIROI_04_30_14,2402,2405
MD_TAP_L_DTIROI_04_30_14,2402,2405
MD_TAP_R_DTIROI_04_30_14,2402,2405
MD_SUMGCC_DTIROI_04_30_14,2402,2405
MD_SUMBCC_DTIROI_04_30_14,2402,2405
MD_SUMSCC_DTIROI_04_30_14,2402,2405
MD_SUMCC_DTIROI_04_30_14,2402,2405
MD_SUMFX_DTIROI_04_30_14,2402,2405
RD_CST_L_DTIROI_04_30_14,2402,2405
RD_CST_R_DTIROI_04_30_14,2402,2405
RD_ICP_L_DTIROI_04_30_14,2402,2405
RD_ICP_R_DTIROI_04_30_14,2402,2405
RD_ML_L_DTIROI_04_30_14,2402,2405
RD_ML_R_DTIROI_04_30_14,2402,2405
RD_SCP_L_DTIROI_04_30_14,2402,2405
RD_SCP_R_DTIROI_04_30_14,2402,2405
RD_CP_L_DTIROI_04_30_14,2402,2405
RD_CP_R_DTIROI_04_30_14,2402,2405
RD_ALIC_L_DTIROI_04_30_14,2402,2405
RD_ALIC_R_DTIROI_04_30_14,2402,2405
RD_PLIC_L_DTIROI_04_30_14,2402,2405
RD_PLIC_R_DTIROI_04_30_14,2402,2405
RD_PTR_L_DTIROI_04_30_14,2402,2405
RD_PTR_R_DTIROI_04_30_14,2402,2405
RD_ACR_L_DTIROI_04_30_14,2402,2405
RD_ACR_R_DTIROI_04_30_14,2402,2405
RD_SCR_L_DTIROI_04_30_14,2402,2405
RD_SCR_R_DTIROI_04_30_14,2402,2405
RD_PCR_L_DTIROI_04_30_14,2402,2405
RD_PCR_R_DTIROI_04_30_14,2402,2405
RD_CGC_L_DTIROI_04_30_14,2402,2405
RD_CGC_R_DTIROI_04_30_14,2402,2405
RD_CGH_L_DTIROI_04_30_14,2402,2405
RD_CGH_R_DTIROI_04_30_14,2402,2405
RD_FX_ST_L_DTIROI_04_30_14,2402,2405
RD_FX_ST_R_DTIROI_04_30_14,2402,2405
RD_SLF_L_DTIROI_04_30_14,2402,2405
RD_SLF_R_DTIROI_04_30_14,2402,2405
RD_SFO_L_DTIROI_04_30_14,2402,2405
RD_SFO_R_DTIROI_04_30_14,2402,2405
RD_IFO_L_DTIROI_04_30_14,2402,2405
RD_IFO_R_DTIROI_04_30_14,2402,2405
RD_SS_L_DTIROI_04_30_14,2402,2405
RD_SS_R_DTIROI_04_30_14,2402,2405
RD_EC_L_DTIROI_04_30_14,2402,2405
RD_EC_R_DTIROI_04_30_14,2402,2405
RD_UNC_L_DTIROI_04_30_14,2402,2405
RD_UNC_R_DTIROI_04_30_14,2402,2405
RD_FX_L_DTIROI_04_30_14,2402,2405
RD_FX_R_DTIROI_04_30_14,2402,2405
RD_GCC_L_DTIROI_04_30_14,2402,2405
RD_GCC_R_DTIROI_04_30_14,2402,2405
RD_BCC_L_DTIROI_04_30_14,2402,2405
RD_BCC_R_DTIROI_04_30_14,2402,2405
RD_SCC_L_DTIROI_04_30_14,2402,2405
RD_SCC_R_DTIROI_04_30_14,2402,2405
RD_RLIC_L_DTIROI_04_30_14,2402,2405
RD_RLIC_R_DTIROI_04_30_14,2402,2405
RD_TAP_L_DTIROI_04_30_14,2402,2405
RD_TAP_R_DTIROI_04_30_14,2402,2405
RD_SUMGCC_DTIROI_04_30_14,2402,2405
RD_SUMBCC_DTIROI_04_30_14,2402,2405
RD_SUMSCC_DTIROI_04_30_14,2402,2405
RD_SUMCC_DTIROI_04_30_14,2402,2405
RD_SUMFX_DTIROI_04_30_14,2402,2405
AD_CST_L_DTIROI_04_30_14,2402,2405
AD_CST_R_DTIROI_04_30_14,2402,2405
AD_ICP_L_DTIROI_04_30_14,2402,2405
AD_ICP_R_DTIROI_04_30_14,2402,2405
AD_ML_L_DTIROI_04_30_14,2402,2405
AD_ML_R_DTIROI_04_30_14,2402,2405
AD_SCP_L_DTIROI_04_30_14,2402,2405
AD_SCP_R_DTIROI_04_30_14,2402,2405
AD_CP_L_DTIROI_04_30_14,2402,2405
AD_CP_R_DTIROI_04_30_14,2402,2405
AD_ALIC_L_DTIROI_04_30_14,2402,2405
AD_ALIC_R_DTIROI_04_30_14,2402,2405
AD_PLIC_L_DTIROI_04_30_14,2402,2405
AD_PLIC_R_DTIROI_04_30_14,2402,2405
AD_PTR_L_DTIROI_04_30_14,2402,2405
AD_PTR_R_DTIROI_04_30_14,2402,2405
AD_ACR_L_DTIROI_04_30_14,2402,2405
AD_ACR_R_DTIROI_04_30_14,2402,2405
AD_SCR_L_DTIROI_04_30_14,2402,2405
AD_SCR_R_DTIROI_04_30_14,2402,2405
AD_PCR_L_DTIROI_04_30_14,2402,2405
AD_PCR_R_DTIROI_04_30_14,2402,2405
AD_CGC_L_DTIROI_04_30_14,2402,2405
AD_CGC_R_DTIROI_04_30_14,2402,2405
AD_CGH_L_DTIROI_04_30_14,2402,2405
AD_CGH_R_DTIROI_04_30_14,2402,2405
AD_FX_ST_L_DTIROI_04_30_14,2402,2405
AD_FX_ST_R_DTIROI_04_30_14,2402,2405
AD_SLF_L_DTIROI_04_30_14,2402,2405
AD_SLF_R_DTIROI_04_30_14,2402,2405
AD_SFO_L_DTIROI_04_30_14,2402,2405
AD_SFO_R_DTIROI_04_30_14,2402,2405
AD_IFO_L_DTIROI_04_30_14,2402,2405
AD_IFO_R_DTIROI_04_30_14,2402,2405
AD_SS_L_DTIROI_04_30_14,2402,2405
AD_SS_R_DTIROI_04_30_14,2402,2405
AD_EC_L_DTIROI_04_30_14,2402,2405
AD_EC_R_DTIROI_04_30_14,2402,2405
AD_UNC_L_DTIROI_04_30_14,2402,2405
AD_UNC_R_DTIROI_04_30_14,2402,2405
AD_FX_L_DTIROI_04_30_14,2402,2405
AD_FX_R_DTIROI_04_30_14,2402,2405
AD_GCC_L_DTIROI_04_30_14,2402,2405
AD_GCC_R_DTIROI_04_30_14,2402,2405
AD_BCC_L_DTIROI_04_30_14,2402,2405
AD_BCC_R_DTIROI_04_30_14,2402,2405
AD_SCC_L_DTIROI_04_30_14,2402,2405
AD_SCC_R_DTIROI_04_30_14,2402,2405
AD_RLIC_L_DTIROI_04_30_14,2402,2405
AD_RLIC_R_DTIROI_04_30_14,2402,2405
AD_TAP_L_DTIROI_04_30_14,2402,2405
AD_TAP_R_DTIROI_04_30_14,2402,2405
AD_SUMGCC_DTIROI_04_30_14,2402,2405
AD_SUMBCC_DTIROI_04_30_14,2402,2405
AD_SUMSCC_DTIROI_04_30_14,2402,2405
AD_SUMCC_DTIROI_04_30_14,2402,2405
AD_SUMFX_DTIROI_04_30_14,2402,2405
update_stamp_DTIROI_04_30_14,0,2405
EXAMDATE_UPENNBIOMK9_04_19_17,0,2405
PHASE_UPENNBIOMK9_04_19_17,0,2405
BATCH_UPENNBIOMK9_04_19_17,0,2405
KIT_UPENNBIOMK9_04_19_17,0,2405
STDS_UPENNBIOMK9_04_19_17,0,2405
RUNDATE_UPENNBIOMK9_04_19_17,0,2405
ABETA_UPENNBIOMK9_04_19_17,1997,2405
TAU_UPENNBIOMK9_04_19_17,1997,2405
PTAU_UPENNBIOMK9_04_19_17,1997,2405
update_stamp_UPENNBIOMK9_04_19_17,0,2405
P_D1D2,1045,2405
D1,1045,2405
D2,1045,2405
D3,1045,2405
D4,1045,2405
D5,1045,2405
D6,1045,2405
D7,1045,2405
D8,1045,2405
D9,1045,2405
D10,1045,2405
D11,1045,2405
D12,1045,2405
D13,1045,2405
D14,1045,2405
D15,1045,2405
D16,1045,2405
D17,1045,2405
D18,1045,2405
D19,1045,2405
D20,1045,2405
APGEN1,0,2405
APGEN2,0,2405
APVOLUME,0,2405
CDRSB,670,2405
ADAS11,692,2405
ADAS13,715,2405
MMSE,684,2405
